plan_name,bucket,specification
29.25,Unknown,Unknown
91.65,Unknown,Unknown
156.65,Unknown,Unknown
187.2,Unknown,Unknown
241.15,Unknown,Unknown
(hie) oscar health (hie),Commercial,Oscar
(Rockport Community) WORKERSCOMP,Government,Worker's Comp
(rockport community) workerscomp,Government,Worker's Comp
(rockport) workerscomp,Government,Worker's Comp
/coventry workers comp aetna/coventry workers comp,Government,Worker's Comp
_ better_health_healthy_kids,Commercial,Better Health
_ better_health_medicaid,Government,Medicaid
_ epo,Commercial,United Health Care
_better_health healthy_kids,Commercial,Better Health
_better_health mcd,Government,Medicaid
_careplus hmo_medicare,Government,Medicare
_careplus medicare,Government,Medicare
_epo,Commercial,United Health Care
_health medicare,Government,Medicare
_health medicare_hmo_ppo,Government,Medicare
_health_plans _medicare,Government,Medicare
_health_plans _medicare_hmo,Government,Medicare
_healthcare _hmo_ppo_medicare,Government,Medicare
_healthcare _medicare,Government,Medicare
_healthcare behavioral,Commercial,Behavioral
_healthcare highlands_county,Commercial,Highlands County
_healthcare hmo_ppo,Commercial,Other Commercial
_healthcare surefit_epo,Commercial,Surefit
_healthcare volusia_county,Commercial,Volusia
_healthcare volusia_county_hmo,Commercial,Volusia
_medicare_adv__ppo,Government,Medicare
_medicare_adv_hmo,Government,Medicare
_medicare_adv_hmo_,Government,Medicare
_medicare_adv_hmo_ppo,Government,Medicare
_medicare_adv_ppo,Government,Medicare
_surefit surefit_epo,Commercial,Surefit
_whole_health hmo_ppo,Commercial,Whole Health
1020_AETNA NEW BUSINESS DISCOUNT INPATIENT 20211015,Commercial,Aetna
1021_AETNA NEW BUSINESS DISCOUNT OUTPATIENT 20211015,Commercial,Aetna
1072_AETNA NEW BUSINESS DISCOUNT OUTPATIENT SIFL 20220801,Commercial,Aetna
1116_MEDICAID REPLACEMENT MOLINA 20210701,Government,Medicaid
1130_MEDICARE ADVANTAGE COMMUNITY HOSPICE OUTPATIENT SIFL 20220908,Government,Medicare
1131_MEDICAID REPLACEMENT MOLINA 20210701,Government,Medicaid
1135_INMATE HEALTH CARE  OUTPATIENT 20220701,Government,Other Government
1172_MEDICARE ADVANTAGE HUMANA HMO CARDIOLOGY INPATIENT 20230512,Government,Medicare
1201_MEDICARE ADVANTAGE HUMANA HMO CARDIOLOGY INPATIENT 20230512,Government,Medicare
1237_MEDICAID REPLACEMENT MOLINA 20210701,Government,Medicaid
1259_90 DEGREE BENEFITS OUTPATIENT 20240101,Unknown,Unknown
1260_SUNSHINE AMBETTER EXCHANGE COMMERCIAL OUTPATIENT 20240101,Commercial,Sunshine
1261_MEDICARE (NO SEQ) OUTPATIENT 20240101,Government,Medicare
1262_VETERANS ADMINISTRATION OUTPATIENT 20240101,Government,VA
1263_MOLINA EXCHANGE OUTPATIENT 20240101,Commercial,Molina
1264_SMARTHEALTH OUTPATIENT 20240101,Unknown,Unknown
1265_MEDICARE ADVANTAGE OCCUNET OUTPATIENT 20240101,Government,Medicare
1266_SUNSHINE MEDICARE ADVANTAGE WELLCARE OUTPATIENT 20240101,Government,Medicare
1267_MEDICARE ADVANTAGE BLUE CROSS OUTPATIENT 20240101,Government,Medicare
1268_MEDICARE ADVANTAGE ALIGNMENT HEALTHCARE OUTPATIENT 20240101,Government,Medicare
1269_MEDICARE ADVANTAGE BRIGHT HEALTH OUTPATIENT 20240101,Government,Medicare
1271_MEDICARE ADVANTAGE CAREPLUS OUTPATIENT 20240101,Government,Medicare
1272_MEDICARE ADVANTAGE COMMUNITY HOSPICE OUTPATIENT 20240101,Government,Medicare
1273_MEDICARE ADVANTAGE COVENTRY HMO OUTPATIENT 20240101,Government,Medicare
1274_MEDICARE ADVANTAGE HAVEN HOSPICE OUTPATIENT 20240101,Government,Medicare
1275_MEDICARE ADVANTAGE HUMANA HMO OUTPATIENT 20240101,Government,Medicare
1276_MEDICARE ADVANTAGE HUMANA PPO OUTPATIENT 20240101,Government,Medicare
1277_MEDICARE ADVANTAGE MOLINA OUTPATIENT 20240101,Government,Medicare
1278_MEDICARE ADVANTAGE OUTPATIENT 20240101,Government,Medicare
1279_MEDICARE ADVANTAGE UNITED HEALTH CARE WELLMED OUTPATIENT 20240101,Government,Medicare
1293_MEDICARE ADVANTAGE AETNA OUTPATIENT 20240201,Government,Medicare
1294_MEDICARE ADVANTAGE HUMANA HMO CARDIOLOGY INPATIENT 20230512,Government,Medicare
1296_AETNA QUALIFIED HEALTH PLANS (QHP) OUTPATIENT 20240201,Commercial,Aetna
1298_AETNA WHOLE HEALTH OUTPATIENT 20240201,Commercial,Aetna
1333_SUNSHINE AMBETTER EXCHANGE COMMERCIAL OUTPATIENT 20240101,Commercial,Sunshine
1334_90 DEGREE BENEFITS OUTPATIENT 20240101,Commercial,90 Degree
1335_MOLINA EXCHANGE OUTPATIENT 20240101,Commercial,Molina
1336_SMARTHEALTH OUTPATIENT 20240101,Commercial,Smarthealth
1337_VETERANS ADMINISTRATION OUTPATIENT 20240101,Government,VA
1338_MEDICARE ADVANTAGE OCCUNET OUTPATIENT 20240101,Government,Medicare
1339_MEDICARE ADVANTAGE BRIGHT HEALTH OUTPATIENT 20240101,Government,Medicare
1340_MEDICARE ADVANTAGE ALIGNMENT HEALTHCARE OUTPATIENT 20240101,Government,Medicare
1340_SMARTHEALTH INPATIENT 20241001,Commercial,Smarthealth
1341_MEDICARE ADVANTAGE ALIGNMENT HEALTHCARE INPATIENT 20241001,Government,Medicare
1342_MEDICARE ADVANTAGE OCCUNET INPATIENT 20241001,Government,Medicare
1343_MOLINA EXCHANGE INPATIENT 20241001,Commercial,Molina
1344_MEDICARE ADVANTAGE BRIGHT HEALTH INPATIENT 20241001,Government,Medicare
1344_MEDICARE ADVANTAGE COMMUNITY HOSPICE OUTPATIENT SCFL 20240101,Government,Medicare
1345_90 DEGREE BENEFITS INPATIENT 20241001,Commercial,90 Degree
1345_MEDICARE ADVANTAGE COVENTRY HMO OUTPATIENT 20240101,Government,Medicare
1346_MEDICARE ADVANTAGE HAVEN HOSPICE OUTPATIENT 20240101,Government,Medicare
1346_SUNSHINE AMBETTER EXCHANGE COMMERCIAL INPATIENT 20241001,Commercial,Sunshine
1347_MEDICARE (NO SEQ) INPATIENT 20241001,Government,Medicare
1347_MEDICARE ADVANTAGE HUMANA HMO OUTPATIENT SCFL 20240101,Government,Medicare
1348_MEDICARE ADVANTAGE HUMANA PPO OUTPATIENT 20240101,Government,Medicare
1348_VETERANS ADMINISTRATION INPATIENT 20241001,Government,VA
1349_AETNA NEW BUSINESS DISCOUNT INPATIENT 20241001,Commercial,Aetna
1349_MEDICARE ADVANTAGE MOLINA OUTPATIENT 20240101,Government,Medicare
1350_MEDICARE ADVANTAGE OUTPATIENT 20240101,Government,Medicare
1351_MEDICARE ADVANTAGE BLUE CROSS INPATIENT 20241001,Government,Medicare
1351_MEDICARE ADVANTAGE UNITED HEALTH CARE WELLMED OUTPATIENT 20240101,Government,Medicare
1352_MEDICARE ADVANTAGE CAREPLUS INPATIENT 20241001,Government,Medicare
1352_MEDICARE ADVANTAGE CAREPLUS OUTPATIENT SCFL 20240101,Government,Medicare
1353_MEDICARE ADVANTAGE CAREPLUS OUTPATIENT SIFL 20240101,Government,Medicare
1353_MEDICARE ADVANTAGE COVENTRY HMO INPATIENT 20241001,Government,Medicare
1354_MEDICARE ADVANTAGE HUMANA PPO INPATIENT 20241001,Government,Medicare
1354_SUNSHINE MEDICARE ADVANTAGE WELLCARE OUTPATIENT 20240101,Government,Medicare
1355_MEDICARE ADVANTAGE BLUE CROSS OUTPATIENT 20240101,Government,Medicare
1355_MEDICARE ADVANTAGE INPATIENT 20241001,Government,Medicare
1356_MEDICARE ADVANTAGE MOLINA INPATIENT 20241001,Government,Medicare
1357_MEDICARE ADVANTAGE UNITED HEALTH CARE WELLMED INPATIENT 20241001,Government,Medicare
1358_SUNSHINE MEDICARE ADVANTAGE WELLCARE INPATIENT 20241001,Government,Medicare
1359_CIGNA HEALTHSPRING INPATIENT 20241001,Commercial,Cigna
1360_MEDICARE ADVANTAGE HUMANA HMO INPATIENT 20241001,Government,Medicare
1361_MEDICARE ADVANTAGE AETNA INPATIENT 20241001,Government,Medicare
1362_AETNA WHOLE HEALTH INPATIENT 20241001,Commercial,Aetna
1363_CIGNA HEALTHSPRING OUTPATIENT 20241001,Commercial,Cigna
1365_AETNA QUALIFIED HEALTH PLANS (QHP) INPATIENT 20241001,Commercial,Aetna
1368_MEDICARE ADVANTAGE HUMANA HMO OUTPATIENT SIFL 20240101,Government,Medicare
1380_90 DEGREE BENEFITS OUTPATIENT 20240101,Commercial,90 Degree
1382_SUNSHINE AMBETTER EXCHANGE COMMERCIAL OUTPATIENT 20240101,Commercial,Sunshine
1383_MEDICARE ADVANTAGE (NO SEQ) OUTPATIENT 20240101,Government,Medicare
1384_MEDICARE ADVANTAGE OCCUNET OUTPATIENT 20240101,Government,Medicare
1385_MOLINA EXCHANGE OUTPATIENT 20240101,Commercial,Molina
1385_UNITED HEALTH CARE PPO 20220701,Commercial,United Health Care
1386_VETERANS ADMINISTRATION OUTPATIENT 20240101,Government,VA
1387_SMARTHEALTH OUTPATIENT 20240101,Commercial,Smarthealth
1388_MEDICARE ADVANTAGE ALIGNMENT HEALTHCARE OUTPATIENT 20240101,Government,Medicare
1389_SUNSHINE MEDICARE ADVANTAGE WELLCARE OUTPATIENT 20240101,Government,Medicare
1390_MEDICARE ADVANTAGE AETNA OUTPATIENT 20240201,Government,Medicare
1390_MEDICARE ADVANTAGE BLUE CROSS OUTPATIENT 20240101,Government,Medicare
1391_MEDICARE ADVANTAGE MOLINA OUTPATIENT 20240101,Government,Medicare
1392_MEDICARE ADVANTAGE BRIGHT HEALTH OUTPATIENT 20240101,Government,Medicare
1395_AETNA QUALIFIED HEALTH PLANS (QHP) OUTPATIENT SCFL 20240201,Commercial,Aetna
1396_MEDICARE ADVANTAGE CAREPLUS OUTPATIENT 20240101,Government,Medicare
1397_AETNA WHOLE HEALTH OUTPATIENT SCFL 20240201,Commercial,Aetna
1397_MEDICARE ADVANTAGE COMMUNITY HOSPICE OUTPATIENT 20240101,Government,Medicare
1398_MEDICARE ADVANTAGE COVENTRY HMO OUTPATIENT 20240101,Government,Medicare
1399_AETNA QUALIFIED HEALTH PLANS (QHP) OUTPATIENT SIFL 20240201,Commercial,Aetna
1399_MEDICARE ADVANTAGE HAVEN HOSPICE OUTPATIENT 20240101,Government,Medicare
1400_MEDICARE ADVANTAGE HEARTLAND HC OUTPATIENT 20240101,Government,Medicare
1401_AETNA WHOLE HEALTH OUTPATIENT SIFL 20240201,Commercial,Aetna
1401_MEDICARE ADVANTAGE HUMANA HMO OUTPATIENT 20240101,Government,Medicare
1402_MEDICARE ADVANTAGE HUMANA PPO OUTPATIENT 20240101,Government,Medicare
1403_MEDICARE ADVANTAGE OUTPATIENT 20240101,Government,Medicare
1404_MEDICARE ADVANTAGE UNITED HEALTH CARE WELLMED OUTPATIENT 20240101,Government,Medicare
1418_MEDICARE ADVANTAGE AETNA OUTPATIENT 20240201,Government,Medicare
1421_AETNA QUALIFIED HEALTH PLAN (QHP) OUTPATIENT 20240201,Commercial,Aetna
1423_AETNA WHOLE HEALTH OUTPATIENT 20240201,Commercial,Aetna
1468_SMARTHEALTH INPATIENT 20241001,Commercial,Smarthealth
1469_MEDICARE ADVANTAGE ALIGNMENT HEALTHCARE INPATIENT 20241001,Government,Medicare
1470_90 DEGREE BENEFITS INPATIENT 20241001,Commercial,90 Degree
1471_CIGNA HEALTHSPRING INPATIENT 20241001,Commercial,Cigna
1471_MEDICARE ADVANTAGE (NO SEQ) INPATIENT 20241001,Government,Medicare
1472_CIGNA HEALTHSPRING OUTPATIENT 20241001,Commercial,Cigna
1472_FACILITY BILLING OUTPATIENT PSH 20190101,Unknown,Unknown
1472_MEDICARE ADVANTAGE BRIGHT HEALTH INPATIENT 20241001,Government,Medicare
1473_MEDICARE ADVANTAGE BLUE CROSS INPATIENT 20241001,Government,Medicare
1474_MEDICARE ADVANTAGE CAREPLUS INPATIENT 20241001,Government,Medicare
1474_SMARTHEALTH INPATIENT 20241001,Commercial,Smarthealth
1475_MEDICARE ADVANTAGE ALIGNMENT HEALTHCARE INPATIENT 20241001,Government,Medicare
1475_MEDICARE ADVANTAGE COVENTRY HMO INPATIENT 20241001,Government,Medicare
1476_MEDICARE ADVANTAGE HEARTLAND HC INPATIENT 20241001,Government,Medicare
1476_MEDICARE ADVANTAGE OCCUNET INPATIENT 20241001,Government,Medicare
1477_MEDICARE ADVANTAGE HUMANA PPO INPATIENT 20241001,Government,Medicare
1477_MEDICARE ADVANTAGE UNITED HEALTH CARE WELLMED INPATIENT 20241001,Government,Medicare
1478_MEDICARE ADVANTAGE INPATIENT 20241001,Government,Medicare
1478_VETERANS ADMINISTRATION INPATIENT 20241001,Government,VA
1479_MEDICARE ADVANTAGE UNITED HEALTH CARE WELLMED INPATIENT 20241001,Government,Medicare
1479_SUNSHINE MEDICARE ADVANTAGE WELLCARE INPATIENT 20241001,Commercial,Sunshine
1480_90 DEGREE BENEFITS INPATIENT 20241001,Commercial,90 Degree
1480_SUNSHINE MEDICARE ADVANTAGE WELLCARE INPATIENT 20241001,Commercial,Sunshine
1481_AETNA NEW BUSINESS DISCOUNT INPATIENT SCFL 20241001,Commercial,Aetna
1481_MEDICARE ADVANTAGE MOLINA INPATIENT 20241001,Government,Medicare
1482_AETNA NEW BUSINESS DISCOUNT INPATIENT SIFL 20241001,Commercial,Aetna
1482_MEDICARE ADVANTAGE OCCUNET INPATIENT 20241001,Government,Medicare
1483_MOLINA EXCHANGE INPATIENT 20241001,Commercial,Molina
1483_SUNSHINE AMBETTER EXCHANGE COMMERCIAL INPATIENT 20241001,Commercial,Sunshine
1484_MEDICARE ADVANTAGE BLUE CROSS INPATIENT 20241001,Government,Medicare
1484_VETERANS ADMINISTRATION INPATIENT 20241001,Government,VA
1485_MEDICARE ADVANTAGE BRIGHT HEALTH INPATIENT 20241001,Government,Medicare
1485_SUNSHINE AMBETTER EXCHANGE COMMERCIAL INPATIENT 20241001,Commercial,Sunshine
1486_MEDICARE ADVANTAGE CAREPLUS INPATIENT SCFL 20241001,Government,Medicare
1487_CIGNA HEALTHSPRING INPATIENT 20241001,Commercial,Cigna
1487_MEDICARE ADVANTAGE CAREPLUS INPATIENT SIFL 20241001,Government,Medicare
1488_MEDICARE ADVANTAGE COVENTRY HMO INPATIENT 20241001,Government,Medicare
1488_MEDICARE ADVANTAGE HUMANA HMO INPATIENT 20241001,Government,Medicare
1489_MEDICARE ADVANTAGE AETNA INPATIENT 20241001,Government,Medicare
1489_MEDICARE ADVANTAGE HUMANA PPO INPATIENT 20241001,Government,Medicare
1490_AETNA WHOLE HEALTH INPATIENT 20241001,Commercial,Aetna
1490_INMATE HEALTH CARE  INPATIENT 20241001,Government,Other Government
1491_CIGNA HEALTHSPRING OUTPATIENT 20241001,Commercial,Cigna
1492_MEDICARE ADVANTAGE INPATIENT 20241001,Government,Medicare
1493_AETNA QUALIFIED HEALTH PLAN (QHP) INPATIENT 20241001,Commercial,Aetna
1493_MOLINA EXCHANGE INPATIENT 20241001,Commercial,Molina
1494_MEDICARE ADVANTAGE MOLINA INPATIENT 20241001,Government,Medicare
1495_AETNA RIVER 20241001,Commercial,Aetna
1495_MEDICARE ADVANTAGE HUMANA HMO INPATIENT SCFL 20241001,Government,Medicare
1496_MEDICARE ADVANTAGE HUMANA HMO INPATIENT SIFL 20241001,Government,Medicare
1497_BLUE CROSS BLUE SHIELD BSL 20241001,Commercial,Blue Cross Blue Shield
1498_BLUE CROSS BLUE SHIELD HMO 20241001,Commercial,Blue Cross Blue Shield
1498_MEDICARE ADVANTAGE AETNA INPATIENT 20241001,Government,Medicare
1499_AETNA QUALIFIED HEALTH PLANS (QHP) INPATIENT SCFL 20241001,Commercial,Aetna
1499_BLUE CROSS BLUE SHIELD MBN 20241001,Commercial,Blue Cross Blue Shield
1500_AETNA WHOLE HEALTH INPATIENT SCFL 20241001,Commercial,Aetna
1500_BLUE CROSS BLUE SHIELD NWB 20241001,Commercial,Blue Cross Blue Shield
1501_AETNA QUALIFIED HEALTH PLANS (QHP) INPATIENT SIFL 20241001,Commercial,Aetna
1501_BLUE CROSS BLUE SHIELD PHS 20241001,Commercial,Blue Cross Blue Shield
1502_AETNA WHOLE HEALTH INPATIENT SIFL 20241001,Commercial,Aetna
1502_BLUE CROSS BLUE SHIELD PPO 20241001,Commercial,Blue Cross Blue Shield
1503_AETNA SCFL 20241001,Commercial,Aetna
1503_BLUE CROSS BLUE SHIELD SBN 20241001,Commercial,Blue Cross Blue Shield
1504_AETNA SIFL 20241001,Commercial,Aetna
1504_CIGNA HMO 20241001,Commercial,Cigna
1505_CIGNA HMO NEW BUSINESS 20241001,Commercial,Cigna
1506_CIGNA PPO 20241001,Commercial,Cigna
1509_HUMANA HMO 20241001,Commercial,Humana
1510_HUMANA PPO 20241001,Commercial,Humana
1511_UNITED HEALTH CARE 20241001,Commercial,United Health Care
1528_BLUE CROSS BLUE SHIELD BSL SCFL 20241001,Commercial,Blue Cross Blue Shield
1529_BLUE CROSS BLUE SHIELD BSL SIFL 20241001,Commercial,Blue Cross Blue Shield
1530_BLUE CROSS BLUE SHIELD HMO SCFL 20241001,Commercial,Blue Cross Blue Shield
1531_BLUE CROSS BLUE SHIELD HMO SIFL 20241001,Commercial,Blue Cross Blue Shield
1532_BLUE CROSS BLUE SHIELD MBN SCFL 20241001,Commercial,Blue Cross Blue Shield
1533_BLUE CROSS BLUE SHIELD MBN SIFL 20241001,Commercial,Blue Cross Blue Shield
1534_BLUE CROSS BLUE SHIELD NWB SCFL 20241001,Commercial,Blue Cross Blue Shield
1535_BLUE CROSS BLUE SHIELD NWB SIFL 20241001,Commercial,Blue Cross Blue Shield
1536_BLUE CROSS BLUE SHIELD PHS SCFL 20241001,Commercial,Blue Cross Blue Shield
1537_BLUE CROSS BLUE SHIELD PHS SIFL 20241001,Commercial,Blue Cross Blue Shield
1538_BLUE CROSS BLUE SHIELD PPO SCFL 20241001,Commercial,Blue Cross Blue Shield
1539_BLUE CROSS BLUE SHIELD PPO SIFL 20241001,Commercial,Blue Cross Blue Shield
1540_BLUE CROSS BLUE SHIELD SBN SCFL 20241001,Commercial,Blue Cross Blue Shield
1541_BLUE CROSS BLUE SHIELD SBN SIFL 20241001,Commercial,Blue Cross Blue Shield
1542_CIGNA HMO 20241001,Commercial,Cigna
1543_CIGNA HMO NEW BUSINESS 20241001,Commercial,Cigna
1544_CIGNA HMO NEW BUSINESS 20241001,Commercial,Cigna
1545_CIGNA PPO 20241001,Commercial,Cigna
1546_CIGNA PPO 20241001,Commercial,Cigna
1548_CIGNA HMO 20241001,Commercial,Cigna
1550_HUMANA HMO SCFL 20241001,Commercial,Humana
1551_HUMANA HMO SIFL 20241001,Commercial,Humana
1552_HUMANA PPO SCFL 20241001,Commercial,Humana
1553_HUMANA PPO SIFL 20241001,Commercial,Humana
1554_UNITED HEALTH CARE SCFL 20241001,Commercial,United Health Care
1555_UNITED HEALTH CARE SIFL 20241001,Commercial,United Health Care
1772_BMFL NEIGHBORHOOD HEALTH PARTNERSHIP 20201115,Unknown,Unknown
1773_**TEST BMFL BLUE CROSS BLUE SHIELD PPO 20210101,Commercial,Blue Cross Blue Shield
1824_MULTIPLAN PSH 20210101,Commercial,Multiplan
2 healthcare physicians mgmcr,Government,Medicare
2114_MEDICARE ADVANTAGE OCCUNET OUTPATIENT 20221201,Government,Medicare
2245_SUNSHINE HEALTH AMBETTER COMMERCIAL OUTPATIENT PSH 20240101,Commercial,Sunshine
2249_MEDICARE ADVANTAGE HUMANA GOLD OUTPATIENT BMFL 20240101,Government,Medicare
2250_MEDICARE ADVANTAGE HUMANA GOLD OUTPATIENT PSH 20240101,Government,Medicare
2251_MEDICARE ADVANTAGE OUTPATIENT PSH 20240101,Government,Medicare
2252_SUNSHINE MEDICARE ADVANTAGE WELLCARE OUTPATIENT BMFL 20240101,Government,Medicare
2253_SUNSHINE MEDICARE ADVANTAGE WELLCARE OUTPATIENT PSH 20240101,Government,Medicare
2254_MEDICARE REPLACEMENT OUTPATIENT BMFL 20240101,Government,Medicare
2255_SMARTHEALTH OUTPATIENT 20240101,Commercial,SmartHealth
2260_MEDICARE ADVANTAGE BLUE OUTPATIENT BMFL 20240101,Government,Medicare
2261_MEDICARE ADVANTAGE BLUE OUTPATIENT PSH 20240101,Government,Medicare
2281_ENCOMPASS HEALTH REHABILITATION MEDICARE OUTPATIENT BMFL 20240215,Government,Medicare
2284_AETNA MEDICARE REPLACEMENT OUTPATIENT BMFL 20240201,Government,Medicare
2286_AETNA MEDICARE ADVANTAGE OUTPATIENT PSH 20240201,Government,Medicare
2369_SMARTHEALTH INPATIENT 20241001,Commercial,SmartHealth
2370_MEDICARE ADVANTAGE CIGNA HEALTHSPRING INPATIENT BMFL 20241001,Government,Medicare
2371_MEDICARE ADVANTAGE CIGNA HEALTHSPRING INPATIENT PSH 20241001,Government,Medicare
2372_MEDICARE ADVANTAGE CIGNA HEALTHSPRING OUTPATIENT BMFL 20241001,Government,Medicare
2373_MEDICARE ADVANTAGE CIGNA HEALTHSPRING OUTPATIENT PSH 20241001,Government,Medicare
2374_FACILITY BILLING INPATIENT PSH 20241001,Unknown,Unknown
2379_MEDICARE ADVANTAGE BLUE INPATIENT PSH 20241001,Government,Medicare
2380_MEDICARE ADVANTAGE INPATIENT PSH 20241001,Government,Medicare
2381_MEDICARE REPLACEMENT INPATIENT BMFL 20241001,Government,Medicare
2382_MEDICARE ADVANTAGE HUMANA GOLD INPATIENT BMFL 20241001,Government,Medicare
2383_MEDICARE ADVANTAGE HUMANA GOLD INPATIENT PSH 20241001,Government,Medicare
2384_MEDICARE ADVANTAGE OCCUNET INPATIENT 20241001,Government,Medicare
2385_SUNSHINE HEALTH AMBETTER COMMERCIAL INPATIENT PSH 20241001,Commercial,Sunshine
2386_SUNSHINE MEDICARE ADVANTAGE WELLCARE INPATIENT BMFL 20241001,Government,Medicare
2387_SUNSHINE MEDICARE ADVANTAGE WELLCARE INPATIENT PSH 20241001,Government,Medicare
2388_MEDICARE ADVANTAGE BLUE INPATIENT BMFL 20241001,Government,Medicare
2391_AETNA MEDICARE REPLACEMENT INPATIENT BMFL 20241001,Government,Medicare
2392_AETNA MEDICARE ADVANTAGE INPATIENT PSH 20241001,Government,Medicare
2393_AETNA BMFL 20241001,Commercial,Aetna
2395_BLUE CROSS BLUE SHIELD BSL BMFL 20241001,Commercial,Blue Cross Blue Shield
2397_BLUE CROSS BLUE SHIELD HMO BMFL 20241001,Commercial,Blue Cross Blue Shield
2399_BLUE CROSS BLUE SHIELD MBN BMFL 20241001,Commercial,Blue Cross Blue Shield
2401_BLUE CROSS BLUE SHIELD NWB BMFL 20241001,Commercial,Blue Cross Blue Shield
2403_BLUE CROSS BLUE SHIELD PHS BMFL 20241001,Commercial,Blue Cross Blue Shield
2405_BLUE CROSS BLUE SHIELD PPO BMFL 20241001,Commercial,Blue Cross Blue Shield
2407_BLUE CROSS BLUE SHIELD SBN BMFL 20241001,Commercial,Blue Cross Blue Shield
2409_CIGNA BMFL 20241001,Commercial,Cigna
2412_UNITED HEALTH CARE HMO BMFL 20241001,Commercial,United Health Care
2414_UNITED HEALTH CARE NHP BMFL 20241001,Commercial,United Health Care
324_FACILITY BILLING OUTPATIENT 20190101,Unknown,Unknown
555_EVERNORTH BEHAVIORAL HEALTH 20221123,Commercial,Evernorth
582_MEDICARE ADVANTAGE OCCUNET OUTPATIENT 20221201,Government,Medicare
643_MEDICARE ADVANTAGE BLUE OUTPATIENT 20240101,Government,Medicare
645_MEDICARE ADVANTAGE HUMANA OUTPATIENT 20240101,Government,Medicare
646_MEDICARE ADVANTAGE OUTPATIENT 20240101,Government,Medicare
647_SUNSHINE MEDICARE ADVANTAGE WELLCARE OUTPATIENT 20240101,Government,Medicare
649_VETERAN OUTPATIENT 20240101,Government,Other Government
650_SMARTHEALTH PPO OUTPATIENT 20240101,Commercial,SmartHealth
659_SUNSHINE HEALTH AMBETTER COMMERCIAL OUTPATIENT 20240101,Commercial,Sunshine
664_AETNA MEDICARE ADVANTAGE OUTPATIENT 20240201,Commercial,Aetna
675_EVERNORTH BEHAVIORAL HEALTH 20221123,Commercial,Evernorth
698_MEDICARE ADVANTAGE CIGNA HEALTHSPRING INPATIENT 20241001,Government,Medicare
699_MEDICARE ADVANTAGE CIGNA HEALTHSRPING OUTPATIENT 20241001,Government,Medicare
700_SUNSHINE MEDICARE ADVANTAGE WELLCARE INPATIENT 20241001,Commercial,Sunshine
702_VETERAN INPATIENT 20241001,Government,Other Government
703_MEDICARE ADVANTAGE OCCUNET INPATIENT 20241001,Government,Medicare
704_SUNSHINE HEALTH AMBETTER COMMERCIAL INPATIENT 20241001,Commercial,Sunshine
705_SMARTHEALTH PPO INPATIENT 20241001,Commercial,SmartHealth
706_MEDICARE ADVANTAGE HUMANA INPATIENT 20241001,Government,Medicare
707_MEDICARE ADVANTAGE INPATIENT 20231001,Government,Medicare
707_MEDICARE ADVANTAGE OCCUNET OUTPATIENT 20221201,Government,Medicare
708_MEDICARE ADVANTAGE BLUE INPATIENT 20241001,Government,Medicare
710_AETNA MEDICARE ADVANTAGE INPATIENT 20241001,Government,Medicare
711_AETNA 20241001,Commercial,Aetna
712_BLUE CROSS BLUE SHIELD BSL 20241001,Commercial,Blue Cross Blue Shield
713_BLUE CROSS BLUE SHIELD HMO 20241001,Commercial,Blue Cross Blue Shield
714_BLUE CROSS BLUE SHIELD MBN 20241001,Commercial,Blue Cross Blue Shield
715_BLUE CROSS BLUE SHIELD NWB 20241001,Commercial,Blue Cross Blue Shield
716_BLUE CROSS BLUE SHIELD PHS 20241001,Commercial,Blue Cross Blue Shield
717_BLUE CROSS BLUE SHIELD PPO 20241001,Commercial,Blue Cross Blue Shield
718_BLUE CROSS BLUE SHIELD SBN 20241001,Commercial,Blue Cross Blue Shield
719_CIGNA 20241001,Commercial,Cigna
720_UNITED HEALTH CARE 20241001,Commercial,United Health Care
721_UNITED HEALTH CARE NHP SH 20241001,Commercial,United Health Care
771_MEDICARE ADVANTAGE AARP OUTPATIENT 20240101,Government,Medicare
772_MEDICARE ADVANTAGE BLUE OUTPATIENT 20240101,Government,Medicare
774_MEDICARE ADVANTAGE HUMANA GOLD OUTPATIENT 20240101,Government,Medicare
775_MEDICARE ADVANTAGE OUTPATIENT 20240101,Government,Medicare
776_SUNSHINE MEDICARE ADVANTAGE WELLCARE OUTPATIENT 20240101,Government,Medicare
779_SUNSHINE AMBETTER COMMERCIAL HEALTH OUTPATIENT 20240101,Commercial,Sunshine
780_SMARTHEALTH PPO OUTPATIENT 20240101,Commercial,SmartHealth
795_AETNA MEDICARE ADVANTAGE OUTPATIENT 20240201,Government,Medicare
835_MEDICARE ADVANTAGE CIGNA HEALTHSPRING INPATIENT 20241001,Government,Medicare
836_MEDICARE ADVANTAGE CIGNA HEALTHSPRING OUTPATIENT 20241001,Government,Medicare
837_SMARTHEALTH PPO INPATIENT 20241001,Commercial,SmartHealth
838_FACILITY BILLING INPATIENT 20241001,Unknown,Unknown
839_MEDICARE ADVANTAGE AARP INPATIENT 20241001,Government,Medicare
840_MEDICARE ADVANTAGE BLUE INPATIENT 20241001,Government,Medicare
841_MEDICARE ADVANTAGE HUMANA GOLD INPATIENT 20241001,Government,Medicare
842_MEDICARE ADVANTAGE INPATIENT 20241001,Government,Medicare
843_SUNSHINE MEDICARE ADVANTAGE WELLCARE INPATIENT 20241001,Commercial,Sunshine
846_MEDICARE ADVANTAGE OCCUNET INPATIENT 20241001,Government,Medicare
847_SUNSHINE AMBETTER COMMERCIAL HEALTH INPATIENT 20241001,Commercial,Sunshine
848_TRIWEST 20241001,Government,Tricare
850_AETNA MEDICARE ADVANTAGE INPATIENT 20241001,Commercial,Aetna
851_AETNA 20241001,Commercial,Aetna
852_BLUE CROSS BLUE SHIELD BSL 20241001,Commercial,Blue Cross Blue Shield
853_BLUE CROSS BLUE SHIELD HMO 20241001,Commercial,Blue Cross Blue Shield
854_BLUE CROSS BLUE SHIELD MBN 20241001,Commercial,Blue Cross Blue Shield
855_BLUE CROSS BLUE SHIELD NWB 20241001,Commercial,Blue Cross Blue Shield
856_BLUE CROSS BLUE SHIELD PHS 20241001,Commercial,Blue Cross Blue Shield
857_BLUE CROSS BLUE SHIELD PPO 20241001,Commercial,Blue Cross Blue Shield
858_BLUE CROSS BLUE SHIELD SBN 20241001,Commercial,Blue Cross Blue Shield
859_CIGNA 20241001,Commercial,Cigna
860_UNITED HEALTH CARE 20241001,Commercial,United Health Care
861_UNITED HEALTH CARE NHP 20241001,Commercial,United Health Care
893_AETNA NEW BUSINESS DISCOUNT OUTPATIENT SCFL 20211015,Commercial,Aetna
904_AETNA NEW BUSINESS DISCOUNT OUTPATIENT 20211015,Commercial,Aetna
947_UNITED HEALTH CARE PPO 20210101,Commercial,United Health Care
AARP [10027501],Commercial,AARP
ACCEL,Commercial,Accel
accelerated,Commercial,Accelerated
accelerated_ppo,Commercial,Accelerated
ACCENDO [10000120],Commercial,Accendo
ACCESS BEHAVIORAL HEALTH HUMANA MCD,Government,Medicaid
ACO,Commercial,ACO
ACO Reach,Commercial,ACO
ACTIVE DUTY MILITARY [60000109],Government,Other Government
administration mill bill veterans administration mill bill,Government,VA
administration vaccn veterans administration vaccn,Government,VA
ADMINISTRATIVE CONCEPTS [10029201],Unknown,Unknown
ADOLESCENT BEHAVIORAL HEALTH ENDOWMENT [50001908],Unknown,Unknown
ADVANTAGE (100% POM) MEDICARE ADVANTAGE (100% POM),Government,Medicare
ADVANTAGE MEDICARE ADVANTAGE (100% POM),Government,Medicare
AETNA,Commercial,Aetna
Aetna,Commercial,Aetna
aetna,Commercial,Aetna
aetna - city of titusville,Commercial,Aetna
aetna all,Commercial,Aetna
Aetna ASA,Commercial,Aetna
aetna asa,Commercial,Aetna
AETNA BEHAVIORAL HEALTH [10000121],Commercial,Aetna
AETNA BEHAVIORAL HEALTH [10033101],Commercial,Aetna
aetna better health,Commercial,Aetna
AETNA BETTER HEALTH HEALTHY KIDS,Commercial,Aetna
AETNA BETTER HEALTH HEALTHY KIDS [10000114],Commercial,Aetna
AETNA BETTER HEALTH MEDICAID,Government,Medicaid
AETNA BETTER HEALTH MEDICAID [45011601],Government,Medicaid
AETNA BETTER HEALTH MEDICAID HMO [25031301],Government,Medicaid
AETNA CATASTROPHIC,Commercial,Aetna
aetna commercial,Commercial,Aetna
aetna coventry first health facility rental,Commercial,Aetna
AETNA DUAL BETTER HEALTH [450011602],Commercial,Aetna
AETNA EAP (BBH ONLY) [10700103],Commercial,Aetna
AETNA EPO [10000109],Commercial,Aetna
Aetna First Health,Commercial,Aetna
aetna first health,Commercial,Aetna
aetna gatekeeper/non gatekeeper,Commercial,Aetna
AETNA HEALTHY KIDS [21010201],Commercial,Aetna
AETNA HMO,Commercial,Aetna
AETNA HMO EXCHANGE,Commercial,Aetna
AETNA HMO/POS [10000107],Commercial,Aetna
Aetna INTL Passport,Commercial,Aetna
aetna intl passport,Commercial,Aetna
aetna mcr adv node aetna mcr adv,Government,Medicare
AETNA MEDICARE,Government,Medicare
aetna medicare,Government,Medicare
AETNA MEDICARE [25051801],Government,Medicare
AETNA MEDICARE ADVANTAGE,Government,Medicare
AETNA MEDICARE HMO [45012602],Government,Medicare
AETNA MEDICARE PPO [45012601],Government,Medicare
AETNA MERITAIN CHOICE POS II [10000110],Commercial,Aetna
AETNA MERITAIN OPEN CHOICE PPO [10000116],Commercial,Aetna
AETNA NAP NATIONAL ADVANTAGE PLAN [10000117],Commercial,Aetna
AETNA NAT'L RAILWAY [10000118],Commercial,Aetna
AETNA PPO,Commercial,Aetna
AETNA PPO [10000101],Commercial,Aetna
AETNA PPO [21010105],Commercial,Aetna
AETNA QHP [10000119],Commercial,Aetna
AETNA SENIOR SUPPLEMENTAL [10027601],Commercial,Aetna
AETNA SIGNATURE ADMIN ASA [10000113],Commercial,Aetna
AETNA SRC AFFORDABLE HEALTH CHOICES [10000112],Commercial,Aetna
AETNA TIER 2,Commercial,Aetna
AETNA WHOLE HEALTH [10000115],Commercial,Aetna
Aetna Work Comp FL,Commercial,Aetna
aetna work comp fl,Government,Worker's Comp
aetnagatekeeper,Commercial,Aetna
aetnahix,Commercial,Aetna
aetnamgdmcaid,Government,Medicaid
aetnamgdmcare,Government,Medicare
aetnanongatekeeper,Commercial,Aetna
affiliates freedomhealthmgdmcare,Government,Medicare
affiliates healthsunhealthplansmgdmcare,Government,Medicare
affiliates simplyhealthcaremgdmcaid,Government,Medicaid
affiliates simplyhealthcaremgdmcare,Government,Medicare
AFFORDABLE PPO,Commercial,Other Commercial
AG ADMINISTRATORS [50001502],Commercial,TPA
AITHER HEALTH [10034201],Commercial,Aither
ALIGN MEDICARE REPLACEMENT [25052401],Government,Medicare
all cigna all,Commercial,Cigna
All Commercial Plans/Medical Rental Network,Commercial,Other Commercial
All Commercial Products,Commercial,Other Commercial
ALL Humana ALL,Commercial,Humana
all humana all,Commercial,Humana
all plans,Commercial,Other Commercial
All Plans,Unknown,Unknown
ALL PRODUCTS,Unknown,Unknown
All Products,Commercial,Other Commercial
All Products-Transplant,Commercial,Other Commercial
ALLEGIANCE [10000936],Commercial,Allegiance
ALLEGIANCE BENEFIT PLAN MANAGEMENT [10000930],Commercial,Allegiance
alliance organ recovery comm,Commercial,Alliance
ALLIED BENEFIT GROUP - AETNA [10031202],Commercial,Aetna
ALLIED BENEFIT GROUP - PHCS [10031201],Commercial,PHCS
ALLIED BENEFIT GROUP [10031203],Commercial,Allied Benefit Group
ALLIED BENEFIT GROUP- CIGNA [10031204],Commercial,Cigna
ALLIED BENEFIT GROUP- CIGNA OPEN ACCESS [10031207],Commercial,Cigna
ALLIED BENEFIT GROUP- PHCS [10031205],Commercial,PHCS
ALLIED BENEFIT GROUP-PHCS 75068 [10031206],Commercial,PHCS
All-inclusive Care for Elderly Program,Government,Other Government
AllPayerAppendix,Unknown,Unknown
allpayerappendix,Unknown,Unknown
ALLSTATE AUTO [75000501],Unknown,Unknown
AM FIRST INSURANCE COMPANY [10035501],Commercial,AmFirst
AMA INSURANCE [10032901],Commercial,AMA
Ambetter,Commercial,Ambetter
ambetter,Commercial,Ambetter
AMBETTER COMMERCIAL,Commercial,Ambetter
AMBETTER OF SUNSHINE HEALTH [10025601],Commercial,Ambetter
AMBETTER PEACH STATE [10025602],Commercial,Ambetter
ambetter_exchange,Commercial,Ambetter
ambetterhix,Commercial,Ambetter
ambetterhixvalueandselect,Commercial,Ambetter
AMERIBEN SOLUTIONS [10031901],Commercial,Ameriben
america mcr,Government,Medicare
AMERICAN PLAN ADMINISTRATORS [10034301],Commercial,American
AMERICAN PUBLIC LIFE [10034401],Commercial,American
AMERICAN RETIREMENT LIFE INSURANCE [10000932],Commercial,American
amerigroup,Commercial,Amerigroup
AMERIGROUP COMMUNITY CARE [45011901],Commercial,Amerigroup
amerigroup kids medicaid fl,Government,Medicaid
Amerigroup Medicaid FL,Government,Medicaid
amerigroup medicaid fl,Government,Medicaid
amerihealthcaritasmgdmcaid,Government,Medicaid
amerihealthcaritasmgdmcare,Government,Medicare
amerihealthexchange,Commercial,Amerihealth
AMERIHTH CARITAS NXT EX,Commercial,Amerihealth
AMFIRST INSURANCE COMPANY [10036901],Commercial,Amfirst
AMO MEDICAL [10036401],Commercial,AMO
AMTRUST [70007801],Commercial,Amtrust
and uk medical abroad llc ppo usandukmedicalabroadllcppo,Commercial,Other Commercial
apa uhc apa,Commercial,United Health Care
APWU- SECONDARY [10037702],Commercial,APWU
APWU/UNITED HEALTHCARE  [10037701],Commercial,APWU
ARTHUR VINING DAVIS FOUNDATION [50001910],Commercial,Other Commercial
asa,Commercial,ASA
asa_ppo,Commercial,ASA
ASCENSION SMARTHEALTH [10025901],Commercial,Ascension
ASOEO,Commercial,ASOEO
asoeo,Commercial,ASOEO
ASR HEALTH BENEFITS [10034501],Commercial,TPA
assistance assuredassistanceppo,Commercial,Other Commercial
ASSURANT HEALTH - AETNA ASA [10027001],Commercial,Aetna
Auto Insurance FL State Auto Insurance FL,Unknown,Unknown
auto insurance fl state auto insurance fl,Unknown,Unknown
AUXIANT [10000939],Commercial,Auxiant
AvMed,Commercial,Avmed
Avmed,Commercial,Avmed
AVMED BEHAVIORAL HEALTH [10028701],Commercial,Avmed
AVMED ENTRUST,Commercial,Avmed
AVMED ENTRUST [10024703],Commercial,Avmed
AVMED HEALTH PLAN CONTRACTED [25020401],Commercial,Avmed
AVMED HMO,Commercial,Avmed
AVMED HMO [10024706],Commercial,Avmed
AVMED HMO ENGAGE [10024705],Commercial,Avmed
AVMED INDIVIDUAL,Commercial,Avmed
AVMED MEDICARE,Government,Medicare
AVMED POS EMPOWER [10024707],Commercial,Avmed
AVMED PPO,Commercial,Avmed
AVMED STATE OF FLORIDA [10024704],Commercial,Avmed
avmedcommercial,Commercial,Avmed
avmedemployeroptionaso,Commercial,Avmed
avmedentrusthix,Commercial,Avmed
avmedmgdmcare,Government,Medicare
BANKERS LIFE AND CASUALTY [10029301],Commercial,CNO Financial
BAPTIST EAP (BBH ONLY) [10700104],Commercial,Baptist
BC FL PPO [21000101],Commercial,Blue Cross Blue Shield
BCBS ADVANTAGE 65 [10027702],Commercial,Blue Cross Blue Shield
BCBS BAPTIST EMPLOYEE [20000205],Commercial,Blue Cross Blue Shield
BCBS BLUECARE HMO [20000204],Commercial,Blue Cross Blue Shield
BCBS BLUEOPTIONS OUT OF STATE [20000211],Commercial,Blue Cross Blue Shield
BCBS BLUEOPTIONS PPO [20000201],Commercial,Blue Cross Blue Shield
BCBS BLUESELECT NON PAR [20000209],Commercial,Blue Cross Blue Shield
BCBS BLUESELECT UNDER 18 [20000213],Commercial,Blue Cross Blue Shield
BCBS FEDERAL EMP PROGR [20000203],Commercial,Blue Cross Blue Shield
BCBS FL BSL,Commercial,Blue Cross Blue Shield
bcbs fl bsl,Commercial,Blue Cross Blue Shield
BCBS FL HMO,Commercial,Blue Cross Blue Shield
bcbs fl hmo,Commercial,Blue Cross Blue Shield
BCBS FL MBN,Commercial,Blue Cross Blue Shield
bcbs fl mbn,Commercial,Blue Cross Blue Shield
bcbs fl mcr adv node bcbs fl mcr adv,Government,Medicare
BCBS FL NWB,Commercial,Blue Cross Blue Shield
bcbs fl nwb,Commercial,Blue Cross Blue Shield
BCBS FL PHS,Commercial,Blue Cross Blue Shield
bcbs fl phs,Commercial,Blue Cross Blue Shield
BCBS FL PPO,Commercial,Blue Cross Blue Shield
bcbs fl ppo,Commercial,Blue Cross Blue Shield
BCBS FL SBN,Commercial,Blue Cross Blue Shield
bcbs fl sbn,Commercial,Blue Cross Blue Shield
BCBS FL SIMPLYBLUE HMO,Commercial,Blue Cross Blue Shield
BCBS HMO - MYBLUE [20000207],Commercial,Blue Cross Blue Shield
BCBS HMO/POS - OUT OF STATE [20000214],Commercial,Blue Cross Blue Shield
BCBS HMO/PPO,Commercial,Blue Cross Blue Shield
BCBS MEDICARE,Government,Medicare
BCBS MEDICARE HMO [45012702],Government,Medicare
BCBS MEDICARE PPO,Government,Medicare
BCBS MEDICARE PPO [45012701],Government,Medicare
BCBS MEDICARE REPLACEMENT [25050301],Government,Medicare
BCBS MEDICARE SUPPLEMENT [10027701],Government,Medicare
BCBS NETWORKBLUE,Commercial,Blue Cross Blue Shield
BCBS PHS CAH,Commercial,Blue Cross Blue Shield
BCBS PPC,Commercial,Blue Cross Blue Shield
BCBS PPC B,Commercial,Blue Cross Blue Shield
BCBS PPC CAH,Commercial,Blue Cross Blue Shield
BCBS PPO [20000202],Commercial,Blue Cross Blue Shield
BCBS PPO OUT OF STATE [20000212],Commercial,Blue Cross Blue Shield
BCBS TRADITIONAL [20000208],Commercial,Blue Cross Blue Shield
BCCEDP [50001101],Government,Other Government
beach juvenile correction gvt,Government,Other Government
beach pace mcr,Government,Medicare
BEACON HEALTH OPTIONS [10027801],Commercial,Beacon
BEACON HEALTH STRATEGIES [10027802],Commercial,Beacon
behavioral,Commercial,Behavioral
behavioral comm,Commercial,Behavioral
behavioral health cenpatico behavioral health,Commercial,Behavioral
behavioral health cigna behavioral health,Commercial,Behavioral
behavioral health comm,Commercial,Behavioral
behavioral health concordia behavioral health,Commercial,Behavioral
behavioral health dba carisk partners concordia behavioral health dba carisk partners,Commercial,Behavioral
behavioral health healthkidshmo,Commercial,Behavioral
behavioral health humana behavioral health,Commercial,Behavioral
behavioral health humana behavioral health medicare,Government,Medicare
behavioral health magellan behavioral health,Commercial,Behavioral
behavioral health mcd,Government,Medicaid
behavioral health mcr,Government,Medicare
behavioral health mgmcd,Government,Medicaid
behavioral health mgmcr,Government,Medicare
behavioral health psych united behavioral health psych,Commercial,Behavioral
behavioral health vaccn,Commercial,Behavioral
behavioral health vacnn,Commercial,Behavioral
behavioral healthykidshmo,Commercial,Behavioral
behavioral mgmcd,Government,Medicaid
behavioral mgmcr,Government,Medicare
behavioral_health,Commercial,Behavioral
behavioral_health_misc,Commercial,Behavioral
behavioral_hmo_pmhp,Commercial,Behavioral
behavioral_medicaid,Government,Medicaid
behavioral_medicare,Government,Medicare
behavioral_ppo,Commercial,Behavioral
behavioralhealth healthykidshmo,Commercial,Behavioral
behavioralhealth mcd,Government,Medicaid
BENEFIT ADMINISTRATIVE SYSTEMS [10029401],Commercial,TPA
better_health_healthy_kids,Commercial,Better Health
better_health_medicaid,Government,Medicaid
bh comm,Commercial,Better Health
bh mcd,Government,Medicaid
bh mcr,Government,Medicare
bh mgmcd,Government,Medicaid
bhcomm,Commercial,Better Health
big bend fed,Government,Other Government
BLUE CARE HMO,Commercial,Blue Cross Blue Shield
BLUE CROSS,Commercial,Blue Cross Blue Shield
BLUE CROSS BLUE SHIELD,Commercial,Blue Cross Blue Shield
BLUE SELECT,Commercial,Blue Cross Blue Shield
Blue Select,Commercial,Blue Cross Blue Shield
Blue Select OP,Commercial,Blue Cross Blue Shield
blue_select,Commercial,Blue Cross Blue Shield
BlueSelect,Commercial,Blue Cross Blue Shield
BMC EMPLOYEE HEALTH [70005701],Commercial,Baptist Health
BOON-CHAPMAN [10000122],Commercial,TPA
BRIGHT HEALTH [10028301],Commercial,Bright Health
BRIGHT HEALTH EXCHANGE,Commercial,Bright Health
BRIGHTON HEALTH PLAN [10032501],Commercial,Brighton
BRISTOL WEST AUTO INSURANCE [75001101],Unknown,Unknown
Broad Network,Commercial,Other Commercial
broad network avmed broad network,Commercial,Avmed
broward hospital district southbrowardhospitaldistrictppo,Commercial,Other Commercial
bselnonpar,Commercial,Other Commercial
BSL,Commercial,Blue Cross Blue Shield
bsl,Commercial,Other Commercial
bslnon-par,Commercial,Other Commercial
by sunshine hix ambetter by sunshine hix,Commercial,Other Commercial
call onecallnonstandard,Commercial,Other Commercial
call onecallstandard,Commercial,Other Commercial
call onecallwc,Government,Worker's Comp
CAPITAL HEALTH PLAN,Commercial,Capital
CAPITAL HEALTH PLAN [10025501],Commercial,Capital
care charity care,Commercial,Other Commercial
care concordiabehavioralhealth,Commercial,Other Commercial
care concordiabehavioralhealthmgdmcare,Government,Medicare
care confidentcare,Commercial,Other Commercial
care district comm,Commercial,Other Commercial
care hospice of miami dade and the fl keys inc compassionate care hospice of miami dade and the fl keys inc,Commercial,Other Commercial
care management inc penfieldcaremanagementinc,Commercial,Other Commercial
care of south florida opus care of south florida,Commercial,Other Commercial
care partners (fl) all plans,Commercial,Other Commercial
care plan mcd,Government,Medicaid
care solutions correct care solutions,Commercial,Other Commercial
care_plus_ppo_pffs_medicare_,Government,Medicare
CARELON BEHAVIORAL HEALTH [10037901],Commercial,Carelon
CARELON BEHAVIORAL HEALTH MEDICAID [45011501],Government,Medicaid
careplus,Commercial,Careplus
CAREPLUS HEALTH MEDICARE [45013001],Government,Medicare
CAREPLUS MC HMO,Commercial,Careplus
careplus_hmo,Commercial,Careplus
cares comm,Commercial,Other Commercial
CARESOURCE OF GEORGIA MEDICAID [45012101],Government,Medicaid
caresourcemgdmcare,Government,Medicare
caritas hix,Commercial,Caritas
caritas medicaid amerihealth caritas medicaid,Government,Medicaid
caritas medicare amerihealth caritas medicare,Government,Medicare
caritas mgmcd,Government,Medicaid
caritas mgmcr,Government,Medicare
caritas next exchange amerihealth caritas next exchange,Commercial,Caritas
case agreement single case agreement,Unknown,Unknown
CCMSI [70007701],Commercial,CCMSI
CELTIC INSURANCE COMPANY [10035601],Commercial,Celtic
CENPATICO SUNSHINE HEALTH MCD,Government,Medicaid
centenehnwellcaremgdmcare,Government,Medicare
CENTIVO NON-SELECT [10027202],Commercial,Centivo
CENTIVO SELECT [10027201],Commercial,Centivo
CENTRAL STATES INDEMNITY [10037401],Commercial,Central States
century health cap new century health cap,Commercial,New Century Health
CHAMPVA [50000101],Government,VA
ChampVA NODE ChampVA,Government,Other Government
champva node champva,Government,VA
CHAMPVA/Tricare,Government,Other Government
CHILDREN MEDICAL SERVICES MCD,Government,Medicaid
childrens medical services ped-i-care medicaid fl,Government,Medicaid
CHIP/Medicaid,Government,Medicaid
choice network employerschoicenetworkwc,Government,Worker's Comp
choice provider network americaschoiceprovidernetworkwc,Government,Worker's Comp
choicecare,Commercial,Humana
Choice-Select HMO/Options PPO/Cruise Lines,Commercial,Humana
christian ppo,Commercial,Other Commercial
CIGNA,Commercial,Cigna
cigna,Commercial,Cigna
cigna - brevard county commissioners,Commercial,Cigna
Cigna ALL,Commercial,Cigna
cigna all,Commercial,Cigna
CIGNA BEHAVIORAL HEALTH [10028801],Commercial,Cigna
CIGNA CONNECT [10000937],Commercial,Cigna
CIGNA CONNECT NETWORK EXCHANGE,Commercial,Cigna
CIGNA EAP (BBH ONLY) [10700101],Commercial,Cigna
CIGNA GREAT WEST [10000902],Commercial,Cigna
CIGNA HEALTH PARTNERS [10000934],Commercial,Cigna
CIGNA HEALTH PARTNERS [10028802],Commercial,Cigna
cigna healthspring mcr adv node cigna healthspring mcr adv,Government,Medicare
CIGNA HMO,Commercial,Cigna
cigna hmo,Commercial,Cigna
CIGNA HMO [10000922],Commercial,Cigna
CIGNA HMO/PPO [21020101],Commercial,Cigna
CIGNA MEDICARE ADVANTAGE,Government,Medicare
CIGNA MEDICARE SUPPLEMENT [100000928],Government,Medicare
CIGNA NATIONAL ASSOC OF LETTER CARRIERS [10000904],Commercial,Cigna
CIGNA NEW BUSINESS [10000923],Commercial,Cigna
CIGNA POS [10000925],Commercial,Cigna
CIGNA PPO,Commercial,Cigna
cigna ppo,Commercial,Cigna
cigna ppo / hmo,Commercial,Cigna
CIGNA PPO [10000901],Commercial,Cigna
CIGNA/APWU [10000928],Commercial,Cigna
cignahealthplanhmo,Commercial,Cigna
cignahealthplanppo,Commercial,Cigna
cignahealthplansurefit,Commercial,Cigna
CLAY COUNTY SHERIFF'S OFFICE [50002501],Government,Other Government
CLEAR HEALTH [25030901],Commercial,Clear Health Alliance
CLEAR HEALTH ALLIANCE [45012201],Commercial,Clear Health Alliance
CLEAR HEALTH ALLIANCE MCD,Government,Medicaid
clear_health_alliance,Commercial,Clear Health Alliance
clear_health_alliance_medicaid,Government,Medicaid
CLEMENTS FAMILY ENDOWMENT [50001905],Commercial,Clements
CMS SUNSHINE HEALTH MEDICAID [45011103],Government,Medicaid
co sheriff dept prison,Government,Other Government
COLONIAL PENNLIFE [10029501],Commercial,Colonial
comfort underwriters pointcomfortunderwriters,Commercial,Point Comfort Underwriters
comm,Commercial,Other Commercial
Commercial,Commercial,Other Commercial
commercial,Commercial,Other Commercial
Commercial - Inpatient,Commercial,Other Commercial
Commercial - Outpatient,Commercial,Other Commercial
commercial aetna commercial,Commercial,Aetna
commercial cigna commercial,Commercial,Cigna
Commercial Exchange,Commercial,Other Commercial
commercial healthfirst commercial,Commercial,Other Commercial
Commercial HMO,Commercial,Other Commercial
commercial hmo,Commercial,Other Commercial
commercial hmo humana commercial hmo,Commercial,Humana
Commercial HMO/PPO/POS,Commercial,Other Commercial
commercial humana commercial,Commercial,Humana
Commercial NWB,Commercial,Other Commercial
Commercial Other,Commercial,Other Commercial
commercial other,Commercial,Other Commercial
Commercial Other - Outpatient,Commercial,Other Commercial
commercial other - outpatient,Commercial,Other Commercial
Commercial PPO,Commercial,Other Commercial
commercial ppo,Commercial,Other Commercial
Commercial PPO - Inpatient,Commercial,Other Commercial
commercial ppo - inpatient,Commercial,Other Commercial
Commercial PPO Choice,Commercial,Other Commercial
commercial ppo choice,Commercial,Other Commercial
commercial ppo humana commercial ppo,Commercial,Humana
Commercial PPO International,Commercial,Other Commercial
commercial ppo international,Commercial,Other Commercial
Commercial PPO Select Network,Commercial,Other Commercial
commercial ppo select network,Commercial,Other Commercial
commercial prime network products,Commercial,Prime
Commercial Prime Network Products - Outpatient,Commercial,Other Commercial
commercial prime network products - outpatient,Commercial,Prime
commercial united commercial,Commercial,United Health Care
Commercial/Medicare,Government,Medicare
commppocomplementarynetwork,Commercial,Other Commercial
commppoprimarynetwork,Commercial,Other Commercial
community care floridacommunitycaremgdmcaid,Government,Medicaid
community care floridacommunitycaremgdmcare,Government,Medicare
community care healthykids,Commercial,Other Commercial
community care mcd,Government,Medicaid
Community Care Medicaid HMO,Government,Medicaid
community care medicaid hmo,Government,Medicaid
COMMUNITY CARE PLAN [45014101],Government,Medicaid
community fed,Government,Other Government
COMMUNITY HOSPICE OF NORTHEAST FLORIDA [50001201],Commercial,Other Commercial
community mcr,Government,Medicare
compensation workers compensation,Government,Worker's Comp
compensation workmans compensation,Government,Worker's Comp
Complementary,Unknown,Unknown
complementary,Commercial,Other Commercial
complementarynetwork,Commercial,Other Commercial
complementaryppo,Commercial,Other Commercial
complete care magellan complete care,Commercial,Magellan
complete care magellan medicaid fl,Government,Medicaid
complete care mcd,Government,Medicaid
Complete Care MCR,Government,Medicare
complete care mcr,Government,Medicare
complete care mgmcr,Government,Medicare
COMPSYCH [10028501],Commercial,Other Commercial
COMPUTER SHARE [10030002],Unknown,Unknown
CONSTITUTION LIFE [10035401],Commercial,Constitution Life
consultants international employer direct maritimeconsultantsinternationalemployerdirect,Commercial,Other Commercial
contra el cancer liga contra el cancer,Commercial,Other Commercial
corners prison,Government,Other Government
Corporation WORKERSCOMP,Government,Worker's Comp
corporation workerscomp,Government,Worker's Comp
correctional risk services node correctional risk services,Commercial,Other Commercial
CorVel Work Comp FL,Government,Other Government
Corvel Work Comp FL,Government,Worker's Comp
corvel work comp fl,Government,Worker's Comp
corvelppo,Commercial,Corvel
corvelwc,Government,Worker's Comp
COUNTRY LIFE INSURANCE [10037501],Commercial,Country Life Insurance
county comm,Commercial,Other Commercial
county jail prison,Government,Other Government
county mh prison,Government,Other Government
county monroe county commissioners,Government,Other Government
county sb comm,Commercial,Other Commercial
county schools wc,Government,Worker's Comp
County Sheriffs LocalGovernment,Government,Other Government
county sheriffs office logov,Government,Other Government
county_of_volusia,Government,Other Government
coventry,Commercial,Coventry
COVENTRY HEALTHCARE OF GA [10001003],Commercial,Coventry
coventryakagenexwc,Government,Worker's Comp
cross and blue shield of florida bcbs fl bsl,Commercial,Blue Cross Blue Shield
cross and blue shield of florida bcbs fl hmo,Commercial,Blue Cross Blue Shield
cross and blue shield of florida bcbs fl mbn,Commercial,Blue Cross Blue Shield
cross and blue shield of florida bcbs fl nwb,Commercial,Blue Cross Blue Shield
cross and blue shield of florida bcbs fl phs,Commercial,Blue Cross Blue Shield
cross and blue shield of florida bcbs fl ppo,Commercial,Blue Cross Blue Shield
CROSS BLUE CROSS MBN,Commercial,Blue Cross Blue Shield
CROSS BLUE CROSS NWB,Commercial,Blue Cross Blue Shield
CROSS BLUE CROSS PHS,Commercial,Blue Cross Blue Shield
CROSS BLUE CROSS PPO,Commercial,Blue Cross Blue Shield
CROSS BLUE CROSS SBN,Commercial,Blue Cross Blue Shield
Cross Commercial HMO Health Options,Commercial,Blue Cross Blue Shield
cross commercial hmo health options,Commercial,Blue Cross Blue Shield
Cross Commercial HMO Health Options - Outpatient,Commercial,Blue Cross Blue Shield
Cross Commercial HMO My Blue,Commercial,Blue Cross Blue Shield
cross commercial hmo my blue,Commercial,Blue Cross Blue Shield
Cross Commercial HMO My Blue - Outpatient,Commercial,Blue Cross Blue Shield
Cross Commercial HMO Simply Blue,Commercial,Blue Cross Blue Shield
cross commercial hmo simply blue,Commercial,Blue Cross Blue Shield
Cross Commercial HMO Simply Blue - Outpatient,Commercial,Blue Cross Blue Shield
Cross Commercial PPO Blue Select,Commercial,Blue Cross Blue Shield
cross commercial ppo blue select,Commercial,Blue Cross Blue Shield
Cross Commercial PPO Blue Select - Outpatient,Commercial,Blue Cross Blue Shield
Cross Commercial PPO Network Blue,Commercial,Blue Cross Blue Shield
cross commercial ppo network blue,Commercial,Blue Cross Blue Shield
Cross Commercial PPO Network Blue - Outpatient,Commercial,Blue Cross Blue Shield
Cross Commercial PPO PPC PHS,Commercial,Blue Cross Blue Shield
cross commercial ppo ppc phs,Commercial,Blue Cross Blue Shield
Cross Commercial PPO PPC PHS - Outpatient,Commercial,Blue Cross Blue Shield
CROSS MEDICARE ADVANTAGE (100% POM),Government,Medicare
Cross Medicare HMO,Government,Medicare
cross medicare hmo,Government,Medicare
cruise line disney cruise line,Commercial,Humana
cruise operator classicacruiseoperator,Commercial,Humana
CURATIVE [10038801],Commercial,Curative
DANIEL MEMORIAL [50002801],Commercial,Daniel Memorial
DAVIES NORTH AMERICA [70005801],Commercial,Davies
definitive care mcr,Government,Medicare
Definitive Care MGMCR,Government,Medicare
definitive care mgmcr,Government,Medicare
department of corrections fl doc,Government,Other Government
DEVOTED HEALTH MC HMO,Government,Medicare
DEVOTED HEALTH MEDICARE [45013201],Government,Medicare
devoted medicare nch devoted medicare med onc,Government,Medicare
devoted medicare nch devoted medicare rad onc,Government,Medicare
DIMENSION 2,Commercial,Dimension
DIMENSION HEALTH PLANS,Commercial,Dimension
DIMENSION PLUS,Commercial,Dimension
direct comm,Commercial,Other Commercial
DIRECT GENERAL AUTO [75001301],Unknown,Unknown
direct healthcare employer direct healthcare,Commercial,Other Commercial
directions (lucet) comm,Commercial,Lucet
directions (lucet) mcr,Government,Medicare
directions behavioral comm,Commercial,Other Commercial
directions behavioral health commercial new directions behavioral health commercial,Commercial,Other Commercial
directions behavioral health exchange new directions behavioral health exchange,Commercial,Other Commercial
directions behavioral health medicare new directions behavioral health medicare,Government,Medicare
directions behavioral health new directions behavioral health,Commercial,Other Commercial
directions behavioral mcr,Government,Medicare
directions new directions behavioral,Commercial,Other Commercial
directions newdirectionsbehavioralcomm,Commercial,Other Commercial
directions newdirectionsbehavioralhix,Commercial,Other Commercial
directions newdirectionsbehavioralmgdmcare,Government,Medicare
discountppo,Commercial,Other Commercial
DISCOVERY AUTO [75000801],Unknown,Unknown
DOCTORS HEALTHCARE MC HMO,Government,Medicare
DRUG ASSISTANCE PROGRAMS [11000101],Government,Other Government
dual_medicare,Government,Medicare
EBMS [10034701],Commercial,TPA
edhc,Commercial,Other Commercial
EMBLEM HEALTH [10031301],Commercial,Emblem
Employee Coverage,Commercial,Other Commercial
empower,Commercial,Empower
energy keys energy services,Commercial,Energy Keys
engage,Commercial,Other Commercial
epo,Commercial,Other Commercial
EPO/PPO,Commercial,Other Commercial
epo_hmo,Commercial,Other Commercial
ESIS [70007901],Commercial,TPA
ESTHI STUDY [50002401],Commercial,Other Commercial
ESURANCE AUTO [75000901],Unknown,Unknown
Eval Services Veterans Eval Services,Government,VA
eval services veterans eval services,Government,VA
evaluation services mcr,Government,Medicare
evalutations inc ima evalutations inc,Commercial,Other Commercial
evernorthbehavioralhealth,Commercial,Cigna
evolutions healthcare,Commercial,Evolutions
EVOLUTIONS HEALTHCARE SYSTEMS [10026601],Commercial,Evolutions
evolutions work comp fl,Government,Worker's Comp
Exchange,Commercial,United Health Care
exchange,Commercial,United Health Care
exchange aetna exchange,Commercial,Aetna
exchange avmed exchange,Commercial,Avmed
exchange oscar exchange,Commercial,Oscar
exchange uhc exchange,Commercial,United Health Care
FARM BUREAU HEALTH PLANS [10033201],Commercial,Farm Bureau
FB PATIENT ENDOWMENT [50001906],Commercial,Farm Bureau
federal bc federal,Commercial,Blue Cross Blue Shield
FEDERAL LIFE [10036201],Commercial,Federal Life
fhcp,Commercial,Other Commercial
FHK,Commercial,Other Commercial
FIDELIS CARE [45014201],Commercial,Fidelis
First Commercial - Outpatient,Commercial,Other Commercial
FIRST HEALTH [10026101],Commercial,First Health
First Health Aetna First Health,Commercial,Aetna
FIRST HEALTH AUTO [75001201],Unknown,Unknown
first health plan health first health plan medicare,Government,Medicare
first health plan hfhp individual ppo/marketplace,Commercial,First Health
first health plans (fl) all plans,Commercial,First Health
First Medicare Advantage - Outpatient,Government,Medicare
First Medicare HMO,Government,Medicare
first medicare hmo,Government,Medicare
fl blue select bcbs fl blue select,Commercial,Blue Cross Blue Shield
fl medicaid,Government,Medicaid
fl medicaid fl,Government,Medicaid
fl medicare bcbs fl medicare,Government,Medicare
fl medicare bcbs fl network blue,Government,Medicare
fl network blue bcbs fl network blue,Commercial,Blue Cross Blue Shield
fl sbn bcbs fl sbn,Commercial,Blue Cross Blue Shield
fl traditional bcbs fl traditional,Commercial,Blue Cross Blue Shield
flex,Unknown,Unknown
florida blue commercial hmo,Commercial,Blue Cross Blue Shield
florida blue commercial network blue,Commercial,Blue Cross Blue Shield
florida blue commercial phs,Commercial,Blue Cross Blue Shield
florida blue commercial ppo,Commercial,Blue Cross Blue Shield
FLORIDA COMMUNITY CARE [45012401],Government,Medicaid
florida community care healthykids,Commercial,Healthy Kids
florida community care mgmcd,Government,Medicaid
florida community care network s fl community care network medicaid fl,Government,Medicaid
florida community care southfloridacommunitycarehealthkids,Commercial,Healthy Kids
florida community care southfloridacommunitycarepsn,Government,Medicaid
FLORIDA COMPLETE CARE MEDICARE [45013901],Government,Medicare
florida fl medicaid,Government,Medicaid
florida fl medicaid non-par,Government,Medicaid
FLORIDA HEALTH PLAN [10026801],Government,Other Government
focus,Commercial,Focus
for health comm,Commercial,Other Commercial
for health commhmo,Commercial,Other Commercial
FRANTZ PEDIATRIC BEHAVIORAL HEALTH ENDOWMENT [50001903],Commercial,Frantz
FREEDOM FIRST MEDICAID HMO [25030501],Government,Medicaid
freedom health mcr adv node freedom health mcr adv,Government,Medicare
FREEDOM HLTH MEDICARE REPLACEMENT [25050501],Government,Medicare
FREEDOM LIFE INSURANCE [10032001],Commercial,Freedom
Freedom Optimum MCR ADV NODE Freedom Optimum MCR ADV,Government,Medicare
FRINGE BENEFITS GROUP [10029601],Commercial,Fringe
FSCJ STUDENT [50001301],Commercial,Other Commercial
fullyinsured,Unknown,Unknown
fusion payerfusionholdingsppo,Commercial,Other Commercial
galaxyhealthnetworkwc,Government,Worker's Comp
gatedcomm,Commercial,Other Commercial
Gatekeeper,Unknown,Unknown
gatekeeper aetna gatekeeper,Commercial,Aetna
GCU MEDICARE SUPPLEMENT [10038701],Government,Medicare
GEHA  [10003904],Commercial,GEHA
GEHA ASA [10003902],Commercial,GEHA
GEHA/UNITED HEALTH SHARED SERVICES [10003903],Commercial,GEHA
GEICO AUTO INSURANCE [75000201],Unknown,Unknown
general hospital westchester general hospital,Commercial,Other Commercial
geo group thegeogroup,Commercial,GEO Group
GEORGIA BETTER HEALTH PLAN [30000202],Commercial,Georgia Better Health
GERBER LIFE INSURANCE [10032101],Commercial,Gerber
GLOBAL CARE [10025701],Commercial,Global
GLOBAL EXCEL CONTRACTED [25024101],Commercial,Global
GlobalBenefitPlan,Commercial,Global
globalbenefitplan,Commercial,Global
globalbenefitplanappendix,Commercial,Global
GMP EMPLOYERS RETIREE TRUST [10034101],Commercial,GMP Union
GOLD KIDNEY HEALTH PLAN [45014301],Commercial,Gold Kidney
governmental preferredgovernmentalclaimsolution,Government,Other Government
GPM HEALTH AND LIFE INSURANCE [10037001],Commercial,GPM Health
GRAVIE [10000123],Commercial,Gravie
GREAT SOUTHERN MEDICARE SUPPLEMENT [10034801],Government,Medicare
GREENE BEHAVIORAL HEALTH ENDOWMENT [50001901],Commercial,Greene
group all plans,Unknown,Unknown
GROUP AND PENSION ADMINISTRATORS (GPA) [10031501],Unknown,Unknown
group covid19 hrsa uninsured,Self Pay,Self Pay
group geo group,Commercial,Geo
Group Health and All Other,Commercial,United Health Care
Group Health Plan UMR CHS Group Health Plan UMR,Commercial,United Health Care
group health plan umr chs group health plan umr,Commercial,United Health Care
group inc acngroupinc,Commercial,Other Commercial
GUARANTEE TRUST LIFE [10037801],Commercial,Guarantee
GVT,Government,Other Government
gvt,Unknown,Unknown
HALL-HALLIBURTON COLLABORATIVE CARE ENDOWMENT [50001909],Commercial,Halliburton
HAVEN HOSPICE [50001401],Commercial,Haven
haven mcr,Government,Medicare
HC HMO/PPO/POS/EPO,Commercial,Other Commercial
HC Medicaid HMO - Outpatient,Government,Medicaid
HC Medicare Advantage - Outpatient,Government,Medicare
HC PPO,Commercial,Other Commercial
health administration veterans health administration,Government,VA
health administrators floridahealthadministratorsppo,Commercial,Florida Health Care Plan
health aetna,Commercial,Aetna
health aetna better health,Commercial,Aetna
health aetna intl passport,Commercial,Aetna
health aetna medicare,Government,Medicare
health aetna nab/first health,Commercial,Aetna
health aetna work comp fl,Government,Worker's Comp
health aetna workers comp,Government,Worker's Comp
health all plans,Commercial,Other Commercial
health alliance clear health alliance,Commercial,Clear Health Alliance
Health Alliance Medicaid HMO,Government,Medicaid
health alliance medicaid hmo,Government,Medicaid
HEALTH AMBETTER MARKETPLACE Sunshine State Health Plan Commercial Exchange,Commercial,Ambetter
health ambetter marketplace sunshine state health plan commercial exchange,Commercial,Ambetter
Health and Wellness HMO,Commercial,Health and Wellness
health associates mental health associates,Commercial,Other Commercial
health behavioralhealth,Commercial,Other Commercial
health bright health,Commercial,Bright
health care mcr,Government,Medicare
health care plan comm,Commercial,Other Commercial
health care plan fhcp,Commercial,Florida Health Care Plan
health care plan fhcp medicare,Government,Medicare
health care plan florida health care plan commercial,Commercial,Florida Health Care Plan
health care plan florida health care plan medicare,Government,Medicare
Health Care Plan MCR,Government,Medicare
health care plan mcr,Government,Medicare
health choice prestige health choice,Commercial,Prestige
health choice prestige kids medicaid fl,Government,Medicaid
health choice prestige medicaid fl,Government,Medicaid
health comm,Commercial,Other Commercial
Health Commercial PPO,Commercial,Other Commercial
health commercial ppo,Commercial,Other Commercial
HEALTH COMP [10036301],Commercial,TPA
health contigohealthwcfkathreeriverswc,Government,Worker's Comp
health devoted health,Commercial,Devoted
health devoted health medicare hmo,Government,Medicare
health dimension,Commercial,Dimension
health dimension international,Commercial,Dimension
health dimension plus,Commercial,Dimension
health dimensionhealthppo,Commercial,Dimension
health dimensionhealthppoclassa,Commercial,Dimension
health dimensionhealthppoclassb,Commercial,Dimension
health dimensionhealthwcppoclassa,Government,Worker's Comp
health first health,Commercial,Blue Cross Blue Shield
health group rockportwc,Government,Worker's Comp
health hix,Commercial,Other Commercial
health imagine health,Commercial,Imagine Health
health imaginehealth,Commercial,Imagine Health
health inc corizon health inc,Commercial,Corizon
health inc leon health inc,Commercial,Leon
Health Integral Health Medicaid FL,Government,Medicaid
health integral health medicaid fl,Government,Medicaid
Health IP,Commercial,Other Commercial
health magellan medicaid fl,Government,Medicaid
health management commercial bright health management commercial,Commercial,Bright
health management medicare bright health management medicare,Government,Medicare
health mcd,Government,Medicaid
health mcr,Government,Medicare
health medicaid fl freedom health medicaid fl,Government,Medicaid
HEALTH MEDICAID FL SUNSHINE HEALTH MEDICAID FL,Government,Medicaid
health medicaid fl sunshine health medicaid fl,Government,Medicaid
Health Medicaid HMO,Government,Medicaid
health medicaid hmo,Government,Medicaid
health medicare bright health medicare,Government,Medicare
Health Medicare HMO,Government,Medicare
health medicare hmo,Government,Medicare
health medicare hmo freedom health medicare hmo,Government,Medicare
health medicare hmo longevity health medicare hmo,Government,Medicare
health mgmcd,Government,Medicaid
health mgmcr,Government,Medicare
HEALTH NET [10000938],Commercial,Health Net
health network comm,Commercial,Health Net
health network first health,Commercial,Health Net
health nfd comm,Commercial,Other Commercial
health node ultimate health mcr adv,Government,Medicare
Health OP,Commercial,Other Commercial
Health Options,Commercial,Other Commercial
health options beaconhealthoptionsbehavioralcommercial,Commercial,Beacon
health options beaconhealthoptionsmgdmcaid,Government,Medicaid
health options beaconhealthoptionsmgdmcare,Government,Medicare
health options beaconhealthstrategies,Commercial,Beacon
health options beaconhealthstrategiesmgdmcaid,Government,Medicaid
health options beaconhealthstrategiesmgdmcare,Government,Medicare
health options comm,Commercial,Other Commercial
health options mcr,Government,Medicare
health options mcr mcr,Government,Medicare
Health Partners Community Health Partners,Commercial,Other Commercial
health partners mcd,Government,Medicaid
health plan avmed,Commercial,Avmed
HEALTH PLAN CAPITAL HEALTH PLAN MEDICARE (228% POM),Government,Medicare
health plan comm,Commercial,Other Commercial
health plan devotedhealthmgdmcare,Government,Medicare
health plan hix,Commercial,Hix
health plan hmo,Commercial,Other Commercial
health plan integral health medicaid fl,Government,Medicaid
health plan longevity health plan,Commercial,Longevity
health plan longevityhealthplan,Commercial,Longevity
health plan mcd,Government,Medicaid
Health Plan MCR,Government,Medicare
health plan mcr,Government,Medicare
health plan mcrhmo,Government,Medicare
HEALTH PLAN MEDICARE ADVANTAGE (100% POM with U/L),Government,Medicare
health plan medicare hmo,Government,Medicare
Health Plan Medicare HMO - Outpatient,Government,Medicare
health plan medicare hmo - outpatient,Government,Medicare
health plan solishealthplanmgdmcare,Government,Medicare
health plan sunshine health plan medicaid,Government,Medicaid
health plan ultimate health plan,Commercial,Ultimate
health plans healthsun health plans,Commercial,Healthsun
health plans leon health plans,Commercial,Leon
health plans mcr,Government,Medicare
health plans medicare solis health plans medicare,Government,Medicare
Health PPO,Commercial,Other Commercial
health ppo,Commercial,Other Commercial
health ppo dimension health ppo,Commercial,Dimension
health ppo prime health ppo,Commercial,Prime
Health Prestige Medicaid FL,Government,Medicaid
health prestige medicaid fl,Government,Medicaid
health services inc prime health,Commercial,Prime
health services inc prison health services,Commercial,GEO Group
health services prime health,Commercial,Prime
health services primehealthservicesmgdmcare,Government,Medicare
health services primehealthserviceswc,Government,Worker's Comp
Health Sheriff COMM,Commercial,Sheriff
health sheriff comm,Commercial,Sheriff
Health Sheriff WORKERSCOMP,Government,Worker's Comp
health sheriff workerscomp,Government,Worker's Comp
health sherriff comm,Commercial,Sheriff
health solis health medicare hmo,Government,Medicare
health solutions mcd,Government,Medicaid
health strategies comm,Commercial,Other Commercial
health strategies commercial beacon health strategies commercial,Commercial,Beacon
health strategies mcd,Government,Medicaid
health strategies mcr,Government,Medicare
health strategies medicaid beacon health strategies medicaid,Government,Medicaid
health strategies medicare beacon health strategies medicare,Government,Medicare
Health WC,Government,Worker's Comp
health wc,Government,Worker's Comp
health wc dimension health wc,Government,Worker's Comp
Health Work Comp FL Prime Health Work Comp FL,Government,Worker's Comp
health work comp fl prime health work comp fl,Government,Worker's Comp
health workerscomp,Government,Worker's Comp
health yescare,Commercial,Yes Care
health_kids,Commercial,Health Kids
health_options,Commercial,Other Commercial
healthcare alliance fed,Government,Other Government
healthcare comm,Commercial,Other Commercial
healthcare corporation/hospice ppo vitas healthcare corporation/hospice ppo,Commercial,Vitas
healthcare corvel healthcare,Commercial,Corvel
healthcare direct healthcare,Commercial,Direct
healthcare doctors healthcare medicare hmo,Government,Medicare
healthcare doctorshealthcaremgdmcare,Government,Medicare
healthcare evolutions encounter ppo,Commercial,Evolutions
healthcare evolutions managed care ppo,Commercial,Evolutions
healthcare evolutions traditional ppo,Commercial,Evolutions
healthcare group workerscomp,Government,Worker's Comp
healthcare hospice corporation of fl vitas healthcare hospice corporation of fl,Commercial,Vitas
healthcare hospice vitas healthcare hospice,Commercial,Vitas
healthcare managedcareppo,Commercial,Other Commercial
healthcare mcr,Government,Medicare
healthcare mcrhmo,Government,Medicare
HealthCare Medicaid HMO,Government,Medicaid
healthcare medicaid hmo,Government,Medicaid
healthcare medicaid hmo simply healthcare medicaid hmo,Government,Medicaid
healthcare medicaid simply medicaid fl,Government,Medicaid
healthcare medicare advantage doctors healthcare medicare advantage,Government,Medicare
healthcare medicare hmo,Government,Medicare
Healthcare Medicare HMO - Outpatient,Government,Medicare
healthcare medicare hmo - outpatient,Government,Medicare
healthcare medicare simply healthcare medicare,Government,Medicare
healthcare mgmcd,Government,Medicaid
healthcare mgmcr,Government,Medicare
healthcare network starhealthcarenetwork,Commercial,Star
healthcare node simply health mcr adv,Government,Medicare
Healthcare NODE Simply MCR ADV,Government,Medicare
healthcare node simply mcr adv,Government,Medicare
healthcare of fl vitas,Commercial,Vitas
healthcare of florida positive healthcare of florida,Commercial,Other Commercial
healthcare of marion county dba kindred hospice odyssey healthcare of marion county dba kindred hospice,Commercial,Other Commercial
healthcare pffs,Commercial,Other Commercial
healthcare plan mcr,Government,Medicare
healthcare plan simply healthcare medicare,Government,Medicare
Healthcare Plan Simply Healthcare Plan,Commercial,Simply
healthcare plan simply medicaid,Government,Medicaid
Healthcare Plan Simply Medicaid FL,Commercial,Simply
healthcare plans florida healthcare plans bnn,Commercial,Other Commercial
healthcare plans mgmcd,Government,Medicaid
healthcare plans mgmcr,Government,Medicare
healthcare plus medicare florida healthcare plus medicare,Government,Medicare
healthcare positive healthcare medicaid,Government,Medicaid
healthcare positive healthcare medicaid fl,Government,Medicaid
healthcare ppo,Commercial,Other Commercial
healthcare simply medicaid fl,Government,Medicaid
healthcare solutions national healthcare solutions,Commercial,National
healthcare systems evolutions encounter ppo,Commercial,Evolutions
healthcare systems evolutions managed care ppo,Commercial,Evolutions
healthcare systems evolutions traditional ppo,Commercial,Evolutions
healthcare traditionalppo,Commercial,Other Commercial
healthease healthease medicaid fl,Government,Medicaid
healthfirst mcrhmo,Government,Medicare
healthfirst prominencehealthfirstmgdmcare,Government,Medicare
HEALTHGRAM [10031601],Commercial,Healthgram
HealthOptions,Commercial,Other Commercial
HEALTHSCOPE BENEFITS (SUDDATH ONLY) [10029801],Commercial,Healthscope
HEALTHSCOPE/AETNA [10000111],Commercial,Aetna
healthsmartmgdwc,Government,Worker's Comp
healthspring cigna healthspring,Commercial,Cigna
Healthspring MCR,Government,Medicare
healthspring mcr,Government,Medicare
healthspring mgmcr,Government,Medicare
healthsprings cigna healthsprings,Commercial,Cigna
healthsun medicare rad onc,Government,Medicare
healthy horizons medicaid humana healthy horizons medicaid,Government,Medicaid
Healthy Kids,Commercial,Healthy Kids
Healthy Kids Medicaid,Government,Medicaid
healthy_kids,Commercial,Healthy Kids
healthy_kids_medicaid,Government,Medicaid
healthykids,Commercial,Healthy Kids
"heath services, inc. prime heath services inc",Commercial,Prime
HIX,Commercial,HIX
hix,Commercial,HIX
hix network avmed hix network,Commercial,HIX
HIXOON,Commercial,HIX
hixoon,Commercial,HIX
"HMA,LLC [10035701]",Commercial,HMA
HMO,Commercial,United Health Care
hmo,Unknown,Unknown
hmo apr drg medicaid hmo apr drg,Government,Medicaid
hmo apr eapg medicaid hmo apr eapg,Government,Medicaid
HMO Employee Plan,Commercial,United Health Care
HMO Freedom-Classic/National EPO-PPO-POS/SmartNet,Commercial,United Health Care
HMO IP,Commercial,United Health Care
hmo medicare hmo,Government,Medicare
HMO OP,Commercial,United Health Care
HMO/Open Access,Commercial,United Health Care
HMO/PPO,Commercial,United Health Care
hmo/ppo,Unknown,Unknown
hmo/ppo cigna hmo/ppo,Commercial,Cigna
HMO/PPO/Exchange,Commercial,United Health Care
hmo_epo,Commercial,United Health Care
hmo_medicaid,Government,Medicaid
hmo_medicare,Government,Medicare
hmo_medicare_,Government,Medicare
hmo_pffs_medicare_,Government,Medicare
hmo_ppo,Commercial,United Health Care
hmo_ppo_medicare,Government,Medicare
hmo_ppo_medicare_,Government,Medicare
hmo_ppo_pffs_medicare,Government,Medicare
hmo_ppo_pffs_medicare_,Government,Medicare
hmo_triple_option,Commercial,United Health Care
HMOFI,Commercial,United Health Care
hmofi,Commercial,United Health Care
home health care dba opuscare of south florida comprehensive home health care dba opuscare of south florida,Commercial,Other Commercial
HOP ADMINISTRATION [10033001],Commercial,UPMC
HORIZONS MEDICARE ADVANTAGE (100% POM),Government,Medicare
hospice and pallative care of southern florida inc seasons hospice and pallative care of southern florida inc,Commercial,Other Commercial
hospice and palliative care of southern florida inc seasons hospice and palliative care of southern florida inc,Commercial,Other Commercial
hospice catholic hospice,Commercial,Other Commercial
hospice comm,Commercial,Other Commercial
hospice fed,Government,Other Government
hospice federal,Government,Other Government
hospice mcrmcd,Government,Other Government
hospice- miami dade llc bristol hospice- miami dade llc,Commercial,Bristol
hospice seasons hospice,Commercial,Other Commercial
hospice unit agreement vitas hospice unit agreement,Commercial,Vitas
hpi employee health plan pmc hpi employee health plans,Commercial,Other Commercial
hrsa uninsured covid19 hrsa uninsured,Self Pay,Self Pay
humana,Commercial,Humana
Humana ALL,Commercial,Humana
humana all,Commercial,Humana
humana choice care,Commercial,Humana
humana choice care ppo,Commercial,Humana
humana commercial,Commercial,Humana
HUMANA DUAL MEDICAID [45011302],Government,Medicaid
HUMANA HEALTHY HORIZONS [45011301],Commercial,Humana
HUMANA HMO,Commercial,Humana
HUMANA HMO/POS [10005201],Commercial,Humana
humana humx,Commercial,Humana
HUMANA MCD,Government,Medicaid
humana mcr adv node humana mcr adv,Government,Medicare
humana mcr hmo pos node humana mcr hmo pos,Government,Medicare
humana mcr ppo pffs node humana mcr ppo pffs,Government,Medicare
Humana Medicaid FL,Government,Medicaid
humana medicaid fl,Government,Medicaid
HUMANA MEDICAID HMO [25031801],Government,Medicaid
HUMANA MEDICARE,Government,Medicare
humana medicare,Government,Medicare
HUMANA MEDICARE DUAL [45012803],Government,Medicare
HUMANA MEDICARE HMO [45012802],Government,Medicare
HUMANA MEDICARE PPO [45012801],Government,Medicare
HUMANA MEDICARE SUPPLEMENT [10005205],Government,Medicare
HUMANA OPEN ACCESS EPO [10005204],Commercial,Humana
HUMANA PPO,Commercial,Humana
HUMANA PPO [10005202],Commercial,Humana
HUMANA PPO [25021501],Commercial,Humana
HUMANA_HMO,Commercial,Humana
humanabehavioralhealthcommercialhix,Commercial,Humana
humanacareplusmgdmcare,Government,Medicare
humanahmo,Commercial,Humana
humanahmomgdmcare,Government,Medicare
humanamgdmcaid,Government,Medicaid
humanamti,Commercial,Humana
humanamtimgdmcare,Government,Medicare
humanappo,Commercial,Humana
humanappomgdmcare,Government,Medicare
IAC LIFE [10036601],Commercial,IAC
IMAGINE360 (GPA) [10029701],Commercial,Imagine360
imaging streamlineimagingwc,Government,Worker's Comp
inc multiplan complementary,Commercial,Multiplan
inc naphcare inc,Commercial,Other Commercial
Indemnity,Commercial,Indemnity
indemnity,Commercial,Indemnity
INDEPENDENT HEALTH [10035801],Commercial,Independent Health
Individual Exchange,Commercial,Other Commercial
individual family hix cigna individual family hix,Commercial,Cigna
inn and club evolutions gasparilla inn club,Commercial,Evolutions
insurance auto insurance,Unknown,Unknown
insurance co clovermgdmcare,Government,Medicare
insurance of florida sdpbc athletic schoolinsuranceoffloridasdpbcathletic,Commercial,Other Commercial
insurances miscellaneous insurances,Unknown,Unknown
INTEGRATED BEHAVIORAL HEALTH [10028601],Commercial,IBH
International,Unknown,Unknown
international,Commercial,Other Commercial
INTERNATIONAL AETNA,Commercial,Aetna
international dimension international,Commercial,Dimension
international dimensions international,Commercial,Dimension
international ingleinternationalincdbaintrepid247,Commercial,Ingle International
international ppo aetna international ppo,Commercial,Aetna
INTERNATIONAL TRAVELERS INSURANCE [11000001],Commercial,International
international_ppo,Commercial,International
INTL UNITED HEALTH,Commercial,United Health Care
IP,Unknown,Unknown
Jackson First,Commercial,Jackson First
jacksonfirstnetworkoon,Commercial,Jackson First
JACKSONVILLE JAGUARS [50002301],Government,Other Government
JACKSONVILLE SHERIFF'S OFFICE [50002601],Government,Other Government
JHS Select/Select HMO,Commercial,JHS Select
jhsselect,Commercial,JHS Select
jhsselecthmo,Commercial,JHS Select
KAISER PERMANENTE [10029901],Commercial,Kaiser Permanente
KEMPER HEALTH [10036701],Commercial,Kemper Health
KEY BENEFIT ADMIN [25025501],Commercial,TPA
kidney mcr,Government,Medicare
kidney mgmcr,Government,Medicare
kidney of florida medicare,Government,Medicare
LEON HEALTH MC HMO,Government,Medicaid
LEON MED MC HMO NC,Government,Medicaid
LHS/MEDCOST [10034901],Commercial,TPA
LIBERTY MUTUAL [75001401],Commercial,Liberty Mutual
lifesource,Commercial,Lifesource
Lifesource-Transplant,Commercial,Lifesource
Lifetrac-Transplant,Commercial,Lifetrac
LIMITED BENEFIT GROUP SUPPLEMENTAL [10035901],Commercial,Other Commercial
LINE CONSTRUCTION BENEFIT [10038101],Commercial,Other Commercial
living systems medicare independent living systems medicare,Government,Medicare
llc equianllc,Commercial,Other Commercial
LocalPlus/Surefit,Commercial,Surefit
logov,Government,Other Government
LONGEVITY HEALTH PLAN [45014001],Commercial,Longevity
LUCENT 65085 AETNA [10038406],Commercial,Aetna
LUCENT- 65085 PHCS [10038402],Commercial,PHCS
LUCENT HEALTH [10030001],Commercial,Lucent
LUCENT-00590T [10038404],Commercial,Lucent
LUCENT-62308 [10038401],Commercial,Lucent
LUCENT-68011 [10038403],Commercial,Lucent
LUCENT-88056 [10038405],Commercial,Lucent
LUMICO LIFE INSURANCE [10039001],Commercial,Lumico
LUMINARE HEALTH [10038901],Commercial,Luminare
ma federal corrections gvt,Government,Other Government
MAGELLAN COMPLETE MEDICAID [45011401],Government,Medicaid
Magellan Medicaid FL,Government,Medicaid
magellan medicaid fl,Government,Medicaid
magellanbehavioral,Commercial,Magellan
magellanbehavioralmgdmcaid,Government,Medicaid
MAGNACARE [10031701],Commercial,Magnacare
mailhandlers,Government,Other Government
managed care work comp fl usa managed care work comp fl,Government,Worker's Comp
MANAGED MEDICAID,Government,Medicaid
Managed Medicaid,Government,Medicaid
managed medicaid molina managed medicaid,Government,Medicaid
managed networks choicemanagednetworkswcppo,Government,Worker's Comp
ManagedCareHMO,Commercial,Other Commercial
managedcarehmo,Commercial,Other Commercial
management barnettmanagementmvpwc,Government,Worker's Comp
management network care management network,Commercial,Other Commercial
management network cmninc,Commercial,Other Commercial
management systems nch careplus medicare,Government,Medicare
management systems nch careplus medicare rad onc,Government,Medicare
management systems nch coventry medicare,Government,Medicare
management systems nch coventry medicare rad onc,Government,Medicare
management systems nch humana medicare,Government,Medicare
management systems nch humana medicare rad onc,Government,Medicare
management systems nch simply medicare,Government,Medicare
management systems nch simply medicare rad onc,Government,Medicare
MANHATTAN LIFE INSURANCE [10036001],Commercial,Manhattan Life Insurance
manor care services of fl hcr manor care services of fl,Government,Medicare
manor care services of fl ii dba heartland hospice services hcr manor care services of fl ii dba heartland hospice services,Commercial,Other Commercial
Marketplace,Unknown,Unknown
marketplace program exchange molina marketplace program exchange,Commercial,Molina
MARPAI HEALTH [10037101],Commercial,Marpai
MBA TPA [10030101],Commercial,TPA
MBN,Commercial,Other Commercial
mbn,Commercial,Other Commercial
mcd,Government,Medicaid
MCR,Government,Medicare
mcr,Government,Medicare
MCR ADV NODE Aetna MCR ADV,Government,Medicare
MCR ADV NODE Humana MCR ADV,Government,Medicare
MCRHMO,Government,Medicare
mcrhmo,Government,Medicare
MCRPPO,Government,Medicare
mcrppo,Government,Medicare
MCS CLASSICARE [45014701],Government,Medicare
MDCPS Employee,Commercial,Other Commercial
mdcselect,Government,Medicaid
mdcselectoon,Government,Medicaid
MED MUTUAL PROTECT [10038001],Commercial,TPA
MEDICA [10030201],Commercial,TPA
MEDICA MCR HMO,Government,Medicare
MEDICA UHC [10030202],Commercial,United Health Care
Medicaid,Government,Medicaid
medicaid,Government,Medicaid
medicaid - $0 allowable,Government,Medicaid
medicaid amerigroup medicaid fl,Government,Medicaid
Medicaid FL Medicaid,Government,Medicaid
medicaid fl medicaid,Government,Medicaid
Medicaid FL Ped-I-Care Medicaid FL,Government,Medicaid
medicaid fl ped-i-care medicaid fl,Government,Medicaid
MEDICAID FLORIDA,Government,Medicaid
Medicaid HMO,Government,Medicaid
medicaid hmo,Government,Medicaid
medicaid hmo aetna better health medicaid hmo,Government,Medicaid
medicaid hmo non-contracted medicaid hmo,Government,Medicaid
medicaid hmo united healthcare medicaid hmo,Government,Medicaid
medicaid humana medicaid,Government,Medicaid
medicaid humana medicaid fl,Government,Medicaid
Medicaid Non Par FL Medicaid Non Par,Government,Medicaid
Medicaid Non Par FL Medicaid Non-Par,Government,Medicaid
medicaid non par fl medicaid non-par,Government,Medicaid
medicaid non-par fl medicaid non-par,Government,Medicaid
MEDICAID OF FLORIDA [30000101],Government,Medicaid
MEDICAID OF FLORIDA ALTERNATE PLAN [30000401],Government,Medicaid
MEDICAID OF FLORIDA SHARE OF COST [30000102],Government,Medicaid
MEDICAID OF GEORGIA [30000201],Government,Medicaid
MEDICAID OUT OF STATE [30999901],Government,Medicaid
medicaid prestige medicaid fl,Government,Medicaid
medicaid sunshine medicaid,Government,Medicaid
medicaid united medicaid,Government,Medicaid
medicaid wellcare medicaid,Government,Medicaid
medicaid/cha simply medicaid/cha,Government,Medicaid
medicaid_behavioral_health,Government,Medicaid
medicaid_hmo,Government,Medicaid
medical center leon medical center,Commercial,Other Commercial
medical management choicemedicalmanagementwc,Government,Worker's Comp
medical management partners texas medical management partners,Commercial,Other Commercial
MEDICAL MUTUAL OF OHIO [10011401],Government,Other Government
medical orchidmedicalwcsunrisemedicalgroupmidtownimaging,Government,Worker's Comp
Medical Rental,Unknown,Unknown
medical service mcd,Government,Medicaid
Medical Services Medicaid Childrens Medical Services Medicaid,Government,Medicaid
Medical Services Medicaid FL Childrens Medical Services Medicaid FL,Government,Medicaid
Medical Services S FL Community Care Network Medicaid FL,Government,Medicaid
MEDICARE,Government,Medicare
Medicare,Government,Medicare
medicare,Government,Medicare
Medicare Advantage,Government,Medicare
Medicare Advantage - Outpatient,Government,Medicare
MEDICARE ADVANTAGE (100% POM with U/L),Government,Medicare
MEDICARE ADVANTAGE (100% POM),Government,Medicare
medicare advantage careplus medicare advantage,Government,Medicare
medicare advantage freedom medicare advantage,Government,Medicare
Medicare Advantage OON (MMG) - Outpatient,Government,Medicare
medicare advantage program molina medicare advantage program,Government,Medicare
Medicare Advantage/Commercial Exchange,Government,Medicare
medicare aetna medicare,Government,Medicare
medicare avmed medicare,Government,Medicare
medicare careplus humana medicare careplus,Government,Medicare
medicare choice mcrhmo,Government,Medicare
Medicare Complete,Government,Medicare
medicare fhcp medicare,Government,Medicare
medicare healthfirst medicare,Government,Medicare
Medicare HMO,Government,Medicare
medicare hmo,Government,Medicare
Medicare HMO - Outpatient,Government,Medicare
medicare hmo - outpatient,Government,Medicare
medicare hmo humana medicare hmo,Government,Medicare
medicare hmo non-contracted medicare hmo,Government,Medicare
medicare hmo wellcare/staywell medicare hmo,Government,Medicare
medicare humana medicare,Government,Medicare
medicare longevity medicare,Government,Medicare
medicare network avmed medicare network,Government,Medicare
MEDICARE NO CONTRACT,Government,Medicare
Medicare Non Par NODE Medicare Non Par,Government,Medicare
medicare non par node medicare non par,Government,Medicare
MEDICARE PART A [40000102],Government,Medicare
MEDICARE PART A AND B [40000101],Government,Medicare
MEDICARE PART A SECONDARY ALTERNATE [88802],Government,Medicare
MEDICARE PART B [40000103],Government,Medicare
MEDICARE PART B ALTERNATE [88801],Government,Medicare
Medicare PPO,Government,Medicare
medicare ppo,Government,Medicare
medicare ppo humana medicare ppo,Government,Medicare
MEDICARE RAILROAD PART A [40000105],Government,Medicare
MEDICARE RAILROAD PART A AND B [40000104],Government,Medicare
MEDICARE RAILROAD PART B [40000106],Government,Medicare
MEDICARE REPLACEMENT [25051601],Government,Medicare
MEDICARE REPLACEMENT [25052501],Government,Medicare
medicare simply medicare,Government,Medicare
medicare sunshine medicare,Government,Medicare
Medicare Traditional NODE Medicare Traditional,Government,Medicare
medicare traditional node medicare traditional,Government,Medicare
medicare united medicare,Government,Medicare
medicare wellcare medicare,Government,Medicare
medicare/advantra aetna medicare/advantra,Government,Medicare
medicare_,Government,Medicare
medicare_behavioral_health,Government,Medicare
medicare_hmo,Government,Medicare
medicare_hmo_,Government,Medicare
medicare_transplant,Government,Medicare
Medicare-Medicaid Dual Eligibility,Government,Medicare
MEDIPLUS [10026501],Commercial,Mediplus
MEDI-SHARE [10030301],Commercial,Medi-share
medriskmtiwc,Government,Worker's Comp
MERITAIN [10006301],Commercial,Meritain
metracompwc,Government,Worker's Comp
mgmcd,Government,Medicaid
MGMCR,Government,Medicare
mgmcr,Government,Medicare
MGMCRHMO,Government,Medicare
mgmcrhmo,Government,Medicare
MGMCRPPO,Government,Medicare
mgmcrppo,Government,Medicare
mgmcrtier1,Government,Medicare
mgmcrtier2,Government,Medicare
mgmcrtier3,Government,Medicare
MISC. GOVERNMENT,Government,Other Government
MISCELLANEOUS AUTO/TPL [75999901],Unknown,Unknown
MISCELLANEOUS BEHAVIORAL HEALTH [10031401],Commercial,Other Commercial
MISCELLANEOUS COMMERCIAL [10999901],Commercial,Other Commercial
MISCELLANEOUS CORRECTIONAL FACILITY [50999801],Government,Other Government
MISCELLANEOUS HOSPICE [51000001],Commercial,Other Commercial
MISCELLANEOUS MEDICAID REPLACEMENT [35999901],Government,Medicaid
MISCELLANEOUS MEDICARE REPLACEMENT [45999901],Government,Medicare
MISCELLANEOUS OTHER [50999901],Unknown,Unknown
MISCELLANEOUS SNF [51000101],Commercial,Other Commercial
MISCELLANEOUS WORKERS' COMP [70999901],Government,Worker's Comp
MMP/Medicare,Government,Medicare
MODA MEDICARE SUPPLEMENT [10037601],Government,Medicare
Modified Indemnity,Unknown,Unknown
MOLINA HEALTH MD,Commercial,Molina
molina healthcare fl kidcare,Commercial,Molina
molina healthcare of fl medicaid,Government,Medicaid
MOLINA HEALTHCARE OF FLORIDA [45011801],Commercial,Molina
MOLINA MARKETPLACE HMO [10027101],Commercial,Molina
molina medicaid fl,Government,Medicaid
MOLINA MEDICAID HMO [25030701],Commercial,Molina
MULTIPLAN,Commercial,Multiplan
MultiPlan,Commercial,Multiplan
Multiplan,Commercial,Multiplan
multiplan,Unknown,Multiplan
MULTIPLAN [10025801],Commercial,Multiplan
multiplan complementary,Unknown,Multiplan
multiplan complementary network,Unknown,Multiplan
MULTIPLAN PRO AMER NTWRK [25022301],Commercial,Multiplan
multiplanwc,Government,Worker's Comp
MUTUAL OF OMAHA [10030401],Commercial,Medical Mutual
MY BLUE EX,Commercial,Blue Cross Blue Shield
My Blue OP,Commercial,Blue Cross Blue Shield
MY HEALTH PLAN  [100000932],Unknown,Unknown
my_blue,Commercial,Blue Cross Blue Shield
myblue,Commercial,Blue Cross Blue Shield
myblue hmo hix bc/bs myblue hmo hix,Commercial,Blue Cross Blue Shield
MyBlue/SimplyBlue/BlueCare,Commercial,Blue Cross Blue Shield
narrowindividualexchange,Commercial,Other Commercial
narrownetworkindivexchange,Commercial,Other Commercial
narrownetworkindividualexchange,Commercial,Other Commercial
NASSAU COUNTY HEALTH DEPARTMENT [50002101],Government,Other Government
NASSAU COUNTY SHERIFF'S OFFICE [50001601],Government,Other Government
NASSAU LIFE AND ANNUITY [10034601],Commercial,Nassau
national advantage program (nap) aetna national advantage program (nap),Commercial,Aetna
NATIONWIDE AUTO [75000701],Unknown,Unknown
NBN,Commercial,Other Commercial
nbn,Commercial,Other Commercial
negotiated_dollar,Unknown,Unknown
NEIBP [10033601],Commercial,National Elevator Industry
neighborly care localgov,Government,Other Government
NEMOURS RESEARCH [50002901],Commercial,Nemours
network association prison,Government,Other Government
Network Blue,Commercial,Blue Cross Blue Shield
NETWORK BLUE,Commercial,Blue Cross Blue Shield
network llc jipanetwork,Commercial,Other Commercial
network_blue,Commercial,Blue Cross Blue Shield
NetworkBlue,Commercial,Blue Cross Blue Shield
new century mcr,Government,Medicare
NEW ERA LIFE INSURANCE [10035001],Commercial,New Era
newbusinesshmo,Commercial,Other Commercial
next comm,Commercial,Other Commercial
next ppo,Commercial,Other Commercial
nexus_hmo,Commercial,Nexus
NFL DEDICATED HOSPITAL NETWORK PROGRAM [10000927],Commercial,Other Commercial
nhp,Commercial,United Health Care
NHP HMO,Commercial,United Health Care
nhp uhc nhp,Commercial,United Health Care
NINETY DEGREE BENEFITS [10000935],Commercial,90 Degree
NODE Aetna MCR ADV,Government,Medicare
node aetna mcr adv,Government,Medicare
NODE BCBS FL MCR ADV,Government,Medicare
node bcbs fl mcr adv,Government,Medicare
NODE Humana MCR ADV,Government,Medicare
node humana mcr adv,Government,Medicare
node humana mcr hmo pffs,Government,Medicare
node humana mcr ppo,Government,Medicare
NODE UHC MCR ADV,Government,Medicare
node wellcare mcr adv,Government,Medicare
non-contracted commercial non-contracted,Commercial,Other Commercial
nongatedcomm,Commercial,Other Commercial
Non-Gatekeeper,Unknown,Unknown
non-gatekeeper aetna non-gatekeeper,Commercial,Aetna
Non-Options PPO,Unknown,Unknown
NORTHEAST FLORIDA STATE HOSPITAL [50001801],Government,Other Government
NORTHWELL DIRECT [10031702],Commercial,Northwell
nppnplancareamericawc,Government,Worker's Comp
NWB,Commercial,Other Commercial
nwb,Commercial,Other Commercial
oap,Commercial,Other Commercial
OccuNet,Commercial,OccuNet
Occunet,Commercial,OccuNet
occunet,Commercial,OccuNet
OCCUNET STUDENT ATHLETES [50001501],Commercial,OccuNet
OccuNet Work Comp FL,Government,Worker's Comp
Occunet Work Comp FL,Government,Worker's Comp
occunet work comp fl,Government,Other Government
occunetwc,Government,Worker's Comp
of central florida mcd,Government,Medicaid
of central florida mcr,Government,Medicare
of fl (health advantage plan) mcr,Government,Medicare
of fl blue select exchange non par bc/bs of fl blue select exchange non par,Commercial,Blue Cross Blue Shield
of fl health options hmo bc/bs of fl health options hmo,Commercial,Blue Cross Blue Shield
of fl health options medicare bc/bs of fl health options medicare,Government,Medicare
of fl medicare ppo bc/bs of fl medicare ppo,Government,Medicare
of fl miami dade blue select bc/bs of fl miami dade blue select,Commercial,Blue Cross Blue Shield
of fl network blue bc/bs of fl network blue,Commercial,Blue Cross Blue Shield
of fl phs bc/bs of fl phs,Commercial,Blue Cross Blue Shield
of fl ppo bc/bs of fl ppo,Commercial,Blue Cross Blue Shield
of fl simplyblue bc/bs of fl simplyblue,Commercial,Blue Cross Blue Shield
of florida aetna better health fl healthy kids,Commercial,Aetna
of florida aetna better health of florida,Commercial,Aetna
of florida bcbs - blue select,Commercial,Blue Cross Blue Shield
of florida bcbs - healthy options,Commercial,Blue Cross Blue Shield
of florida bcbs - healthy options medicare adv,Government,Medicare
of florida bcbs - network blue,Commercial,Blue Cross Blue Shield
of florida bcbs - phs,Commercial,Blue Cross Blue Shield
of florida bcbs - ppo,Commercial,Blue Cross Blue Shield
of florida bcbs fl bsl,Commercial,Blue Cross Blue Shield
of florida bcbs fl chs employee,Commercial,Blue Cross Blue Shield
of florida bcbs fl hmo,Commercial,Blue Cross Blue Shield
of florida bcbs fl mbn,Commercial,Blue Cross Blue Shield
of florida bcbs fl nwb,Commercial,Blue Cross Blue Shield
of florida bcbs fl phs,Commercial,Blue Cross Blue Shield
of florida bcbs fl ppo,Commercial,Blue Cross Blue Shield
of florida bcbs medicare ppo,Government,Medicare
of florida bcbs network blue,Commercial,Blue Cross Blue Shield
of florida bcbs ppo,Commercial,Blue Cross Blue Shield
of florida bcbs rehab ppo,Commercial,Blue Cross Blue Shield
of florida bcbs traditional,Commercial,Blue Cross Blue Shield
of florida bcbs workers compensation,Government,Other Government
of florida exchange united healthcare of florida exchange,Commercial,United Health Care
of florida hmo united healthcare of florida hmo,Commercial,United Health Care
of florida medicare advantage mmm of florida medicare advantage,Government,Medicare
of florida medicare advantage united healthcare of florida medicare advantage,Government,Medicare
of florida mgmgr,Government,Other Government
of florida mmm of fl medicare hmo,Government,Medicare
of florida node bcbs fl mcr adv,Government,Medicare
of florida ppo united healthcare of florida ppo,Commercial,United Health Care
of jacksonville wc,Government,Worker's Comp
of miami behavioral health university of miami behavioral health,Commercial,Other Commercial
of north central fl federal,Commercial,Other Commercial
of north central fl mcd,Government,Medicaid
of north central fl mcr,Government,Medicare
of nw fl hospice of nw fl,Commercial,Other Commercial
of nw florida comm,Commercial,Other Commercial
of omaha mutualofomaha,Commercial,Mutual of Omaha
of palm beach townofpalmbeach,Commercial,Other Commercial
of sheiff highland co gvt,Government,Other Government
of south fl opuscare of south fl,Commercial,Other Commercial
of texas (claims only) molinacompletecaremgdmcaid,Government,Medicaid
of texas (claims only) molinahix,Commercial,Molina
of texas (claims only) molinamgdmcaid,Government,Medicaid
of texas (claims only) molinamgdmcare,Government,Medicare
of texas (claims only) molinamgdmcarenarrownetwork,Government,Medicare
of treasure coast comm,Commercial,Treasure Coast
OFFICE OF THE ATTORNEY GENERAL [50002201],Government,Other Government
OP,Commercial,Other Commercial
OPTIMED HEALTH [10038201],Commercial,Optimed
optimum mcr,Government,Medicare
Optimum NODE Freedom Optimum MCR ADV,Government,Medicare
options inc bcbs health options hmo,Commercial,Blue Cross Blue Shield
options inc bcbs health options medicare,Government,Medicare
Options PPO,Commercial,Humana
options tricare,Government,Tricare
options value options behavioral health,Commercial,Humana
OptionsPPO,Commercial,Humana
optionsppo,Commercial,Humana
Optum Transplant,Commercial,Optum
OPTUM/UBH EAP (BBH ONLY) [10700102],Commercial,Optum
optum/va,Government,VA
oscar,Commercial,Oscar
OSCAR HEALTH EXCHANGE,Commercial,Oscar
OSCAR INSURANCE COMPANY [10027301],Commercial,Oscar
oscarhealthplanhix,Commercial,Oscar
other facility self-pay other facility,Self Pay,Self Pay
other hospice other,Unknown,Unknown
other medicaid other,Government,Medicaid
other medicare other,Government,Medicare
pace centers florida pace centers,Commercial,Pace
pace centers floridapacecentersmgdmcare,Government,Medicare
pace centers pace,Commercial,Pace
paf commercial-historical paf,Commercial,Other Commercial
palm beaches comm,Commercial,Other Commercial
PAN AMERICAN LIFE [10036801],Commercial,Pan
PARAMOUNT ADVANTAGE [10032201],Commercial,Paramount
Pathwell,Commercial,Pathwell
pay - mcd pending 100 percent self pay - mcd pending 100 percent,Self Pay,Self Pay
pay elective self pay elective,Self Pay,Self Pay
pay emergent self pay emergent,Self Pay,Self Pay
Pay Self Pay,Self Pay,Self Pay
pay self pay,Self Pay,Self Pay
pay/uninsured self pay/uninsured,Self Pay,Self Pay
pcip geha pcip,Commercial,Other Commercial
PEACH STATE HEALTH PLAN [45012001],Commercial,Peach State
PEAK TPA [50003001],Commercial,Peak
PEHP HEALTH AND BENEFITS [10039101],Commercial,Other Commercial
Personal Injury,Unknown,Unknown
PFFS MEDICARE REPLACEMENT [25050801],Government,Medicare
pffs_medicare,Government,Medicare
pffs_medicare_,Government,Medicare
pffs_ppo_medicare_,Government,Medicare
PHCS,Commercial,PHCS
phcs,Commercial,PHCS
PHILADELPHIA AMERICAN LIFE INSURANCE [10031801],Commercial,New Era Life Group
PHS,Commercial,PHS
phs,Commercial,GEO Group
phs prison,Commercial,GEO Group
PHYSICIANS MUTUAL [10033501],Commercial,Medical Mutual
PIP AUTO [75001501],Unknown,Unknown
plan hix oscar health plan hix,Commercial,Oscar
plus med tourplusmedassistanceppo,Commercial,Other Commercial
Plus Medicare HMO,Government,Medicare
plus medicare hmo,Government,Medicare
PPC,Commercial,Other Commercial
ppc,Commercial,Other Commercial
PPC PPO,Commercial,Other Commercial
PPO,Commercial,Other Commercial
ppo,Commercial,Other Commercial
PPO IP,Commercial,Other Commercial
PPO OP,Commercial,Other Commercial
ppo optionsppo,Commercial,Other Commercial
PPO Products,Commercial,Other Commercial
ppo.1,Commercial,Other Commercial
ppo/pffs_medicare,Government,Medicare
PPO/PHS,Commercial,Other Commercial
ppo_,Commercial,Other Commercial
ppo_epo,Commercial,Other Commercial
ppo_medicare,Government,Medicare
ppo_medicare_,Government,Medicare
ppo_nr,Commercial,Other Commercial
pponwb,Commercial,Other Commercial
preferred partners haapreferredpartners,Commercial,Other Commercial
PRESTIGE HEALTH CHOICE [45012301],Commercial,Prestige
PRESTIGE MD HMO NC,Commercial,Prestige
Primary,Unknown,Unknown
primary,Commercial,Other Commercial
primarynetwork,Commercial,Other Commercial
primaryppo,Commercial,Other Commercial
Prime,Commercial,Prime
PRINCIPAL LIFE [10035101],Commercial,Principal Life
PRIORITY HEALTH [10000929],Commercial,Priority Health
prisn,Government,Other Government
prison,Government,Other Government
prison centurion prison,Government,Other Government
Private,Commercial,Other Commercial
PRIVATE HEALTHCARE SYSTEMS [10027401],Commercial,Multiplan
PRO MEDICA HOSPICE [50003201],Commercial,Promedica
PROGRESSIVE AUTO [75000401],Unknown,Unknown
PROMEDICA HOSPICE [50003201],Commercial,Promedica
PROMINENCE,Commercial,Prominence
PROSPERITY LIFE [10037201],Commercial,Prosperity
psych_hmo,Commercial,Other Commercial
psychcare,Commercial,Other Commercial
psychiatric_medicaid,Government,Medicaid
psychiatric_medicare,Government,Medicare
purchased care program logov,Commercial,Other Commercial
QHP,Commercial,QHP
qhp,Commercial,QHP
qhp_exchange,Commercial,QHP
qhp_exchange_,Commercial,QHP
quality care mcd,Government,Medicaid
radiology adinradiology,Commercial,Other Commercial
REGIONAL CARE INC [10037301],Commercial,TPA
RESEARCH MEDICARE PART A AND B [40000301],Government,Medicare
rivers provider network workerscomp,Government,Worker's Comp
Rockport Work Comp FL,Government,Worker's Comp
S&S HEALTH [10036101],Commercial,S&S
SAMBA [10000931],Commercial,Samba
sarasota comm,Commercial,Other Commercial
SBN,Commercial,SBN
sbn,Commercial,Other Commercial
SBN/MBN,Commercial,SBN
SEAFARERS HEALTH AND BENEFITS [10035201],Commercial,Seafarers
SEAFARERS HEALTH AND BENEFITS [1003520101],Commercial,Seafarers
seals ifsp eastersealsifsp,Commercial,Other Commercial
Select,Commercial,Other Commercial
select,Commercial,Other Commercial
Select HMO/Options PPO/Cruise Lines,Commercial,Humana
Select Network,Commercial,Other Commercial
select network avmed select network,Commercial,Avmed
SELECTHEALTH [45014501],Commercial,Intermountain Health
selectppo,Commercial,Other Commercial
self_funded,Self Pay,Self Pay
self_funded_hmo,Self Pay,Self Pay
SELF-FUNDED HEALTH PLAN,Self Pay,Self Pay
selfpay,Self Pay,Self Pay
SELMAN AND COMPANY [10032301],Commercial,Selman and Company
senior care align senior care,Commercial,Other Commercial
senior care mcr,Government,Medicare
Senior Care MGMCR,Government,Medicare
senior care mgmcr,Government,Medicare
services inc axisservicesinc,Commercial,Other Commercial
services network behavioral services network,Commercial,Other Commercial
services wc protegrityserviceswc,Government,Worker's Comp
sfl mgmcr,Government,Medicare
sheriff's office mcr,Government,Medicare
Signature,Commercial,Other Commercial
signature administrators (asa) aetna signature administrators (asa),Commercial,Aetna
SILAC [10036501],Commercial,Silac
simply healthcare fl healthy kids,Commercial,Simply
SIMPLY HEALTHCARE HEALTHY KIDS [10026201],Commercial,Simply
SIMPLY HEALTHCARE MEDICAID [45011701],Government,Medicaid
SIMPLY HEALTHCARE PLAN MCD,Government,Medicaid
simply healthcare plans,Commercial,Simply
simply mcr adv node simply mcr adv,Government,Medicare
SIMPLY MEDICAID [25030902],Government,Medicaid
SIMPLYHLTH MD HMO NC,Government,Medicaid
sinai eldercare pace mount sinai eldercare pace,Government,Other Government
SISCO [10000933],Commercial,Sisco
SOLIS HEALTH PLANS [45014601],Commercial,Solis
southcare,Commercial,Southcare
specialty hospital select specialty hospital,Commercial,Other Commercial
spreemomti,Commercial,Other Commercial
Spring Health MCR,Government,Medicare
spring health mcr,Government,Medicare
ST JOHNS COUNTY SHERIFF'S OFFICE [50002701],Government,Other Government
State Auto Insurance State Auto Insurance FL,Unknown,Unknown
state auto insurance state auto insurance fl,Unknown,Unknown
STATE FARM AUTO [75000301],Unknown,Unknown
STATE FARM HEALTH INSURANCE [10038301],Commercial,State Farm
State Health Plan Medicaid FL Sunshine State Health Plan Medicaid FL,Government,Medicaid
state health plan medicaid sunshine state health plan medicaid,Government,Medicaid
state health plan medicare sunshine state health plan medicare,Government,Medicare
State Health Plan QHP,Commercial,State Health
state health plan qhp,Government,Other Government
state mcd,Government,Medicaid
State MCR,Government,Medicare
state mcr,Government,Medicare
state mgmcd,Government,Medicaid
state_of_florida,Government,Other Government
street beech street,Commercial,Beech Street
summit heritagesummithealthcareoffloridappo,Commercial,Summit
sun health plan mgmcr,Government,Medicare
sun health plans health sun health plans,Commercial,Sun Health
SUNSHIN HLTH AMBT NC,Commercial,Sunshine
SUNSHINE MEDICAID HMO [25031101],Government,Medicaid
SUNSHINE ST MD HMONC,Government,Medicaid
SUNSHINE STATE HEALTH PLAN [45011101],Commercial,Sunshine
Sunshine State Health Plan Commercial Exchange NODE Sunshine State Health Plan Commercial Exchange,Commercial,Sunshine
sunshinemgdmcaid,Government,Medicaid
surefit,Commercial,Surefit
surefit cigna surefit,Commercial,Cigna
SUREST [10006027],Commercial,Surest
TEAMSTERS CENTRAL PA HEALTH AND WELFARE [10038601],Commercial,Teamsters
techhealthoptherapywc,Government,Worker's Comp
THE EMPIRE PLAN [10029101],Commercial,The Empire Plan
THE EPIC LIFE INSURANCE COMPANY [10034003],Commercial,The Epic Life Insurance Company
THE HEALTH PLAN [10030501],Commercial,The Health Plan
THE LOOMIS COMPANY [10032801],Commercial,Loomis
THE LOOMIS COMPANY RBB [10032802],Commercial,Loomis
Therapies Transplant,Commercial,Therapies
therapy solutions comm,Commercial,Therapies
therapy solutions mgmcr,Government,Medicare
THRIVENT [10032601],Commercial,Thrivent
TieredNetwork,Commercial,Other Commercial
tierednetwork,Commercial,Other Commercial
Traditional,Commercial,Other Commercial
traditional,Commercial,Other Commercial
Traditional OP,Commercial,Other Commercial
traditional tricare traditional,Government,Worker's Comp
traditionalppo,Commercial,Other Commercial
TRANSAMERICA LIFE INSURANCE COMPANY [10030601],Commercial,Transamerica
TRANSPLANT,Commercial,Other Commercial
Transplant,Commercial,Other Commercial
transplant,Unknown,Unknown
Transplant - Outpatient,Commercial,Other Commercial
transplants mcr,Government,Medicare
treasure coast mgmcd,Government,Medicaid
treasure coast mgmcr,Government,Medicare
tribe of florida seminoletribeofflorida,Government,Other Government
TRICARE,Government,Tricare
Tricare,Government,Tricare
tricare,Government,Tricare
TRICARE ANCILLARY ONLY [60000107],Government,Tricare
TRICARE FOR LIFE [60000103],Government,Tricare
Tricare NODE Tricare,Government,Tricare
tricare node tricare,Government,Tricare
TRICARE PRIME HMO [60000108],Government,Tricare
TRICARE RESERVE SELECT [60000105],Government,Tricare
TRICARE SELECT [60000104],Government,Tricare
tricr,Government,Tricare
triwest,Government,Tricare
TRUSTMARK HEALTH BENEFITS [10032701],Commercial,Trustmark
TUFTS HEALTH PLAN [10032401],Commercial,Tufts
UF HEALTH DIRECT CARE HMO [10026701],Commercial,UF Health
UF HEALTH PROTON THERAPY INSTITUTE [50001701],Commercial,UF Health
UHC ALL SAVERS [10006008],Commercial,United Health Care
UHC APA,Commercial,United Health Care
uhc apa,Commercial,United Health Care
UHC BEHAVIORAL HEALTH [10028901],Commercial,United Health Care
UHC BEHAVIORAL HEALTH MEDICAID [45013801],Government,Medicaid
UHC BEHAVIORAL HEALTH MEDICARE [45013602],Government,Medicare
UHC CHOICE PLUS-CORE [10006039],Commercial,United Health Care
UHC COMPASS [10006031],Commercial,United Health Care
UHC COVER FLORIDA [10006032],Commercial,United Health Care
UHC DUAL COMPLETE MEDICAID [45011203],Government,Medicaid
UHC DUAL COMPLETE MEDICARE HMO [45002101],Government,Medicare
UHC DUAL COMPLETE MEDICARE PPO [45002106],Government,Medicare
UHC EMPIRE [10028401],Commercial,United Health Care
UHC GOLDEN RULE [10006007],Commercial,United Health Care
UHC HEALTH OPTIONS PPO [10006028],Commercial,United Health Care
uhc kids medicaid fl,Government,Medicaid
UHC MEDICAID [45011201],Government,Medicaid
UHC Medicaid FL,Government,Medicaid
uhc medicaid fl,Government,Medicaid
UHC MEDICARE HMO [45002115],Government,Medicare
UHC MEDICARE PPO [45002114],Government,Medicare
UHC MEDICARE REPLACEMENT [25051501],Government,Medicare
UHC NHP,Commercial,United Health Care
uhc nhp,Commercial,United Health Care
UHC OA CHOICE [10006026],Commercial,United Health Care
UHC OXFORD HEALTH PLAN [10006034],Commercial,United Health Care
UHC SELECT HMO [10006029],Commercial,United Health Care
UHC SELECT PLUS [10006030],Commercial,United Health Care
UHC STUDENT RESOURCES [10006035],Commercial,United Health Care
UHC UMR [10006033],Commercial,United Health Care
UHC UMR PPO [10006036],Commercial,United Health Care
UHC WELLMED MEDICARE [45002116],Government,Medicare
UHP ADMINISTRATORS [10035301],Commercial,United Health Care
UMR BAPTIST EMPLOYEES [10006038],Commercial,United Health Care
UMR COMPASS ROSE [10006037],Commercial,United Health Care
UNICARE [10030701],Commercial,Unicare
UNIFIED LIFE INSURANCE COMPANY [10033701],Commercial,Unified Life Insurance
UNITED AMERICAN INSURANCE [10030801],Commercial,United
united behavioral,Commercial,United Health Care
united behavioral medicaid,Government,Medicaid
united behavioral medicare,Government,Medicare
united behavioral va ccn node united behavioral va ccn,Commercial,United Health Care
UNITED HEALTH CARE MCD,Government,Medicaid
UNITED HEALTH CARE MEDICARE,Government,Medicare
UNITED HEALTHCARE,Commercial,United Health Care
united healthcare,Commercial,United Health Care
UNITED HEALTHCARE ALL PAYER,Commercial,United Health Care
united healthcare commercial group 1,Commercial,United Health Care
united healthcare commercial group 2,Commercial,United Health Care
UNITED HEALTHCARE EXCHANGE [10006040],Commercial,United Health Care
united healthcare florida healthy kids,Commercial,United Health Care
united healthcare medicaid,Government,Medicaid
united healthcare medicare adv,Government,Medicare
united healthcare nhp,Commercial,United Health Care
UNITED HEALTHY KIDS,Commercial,United Health Care
UNITED HLTH MC HMO,Government,Medicare
UNITED HMO,Commercial,United Health Care
UNITED HMO/PPO [21040201],Commercial,United Health Care
UNITED MD HMO,Government,Medicaid
united medicare hmo,Government,Medicare
UNITED MINE WORKERS [10033901],Commercial,United Health Care
UNITED MINE WORKERS [45003301],Commercial,United Health Care
united options ppo,Commercial,United Health Care
united optum va ccn,Commercial,United Health Care
United Optum VA CCN NODE United Optum VA CCN,Government,VA
united optum va ccn node united optum va ccn,Commercial,United Health Care
UNITED PPO,Commercial,United Health Care
UNITED WORLD LIFE INSURANCE COMPANY [10033801],Commercial,United Health Care
unitedbehavioral,Commercial,United Health Care
unitedcommunityplanhealthykids,Commercial,United Health Care
unitedcommunityplanmgdmcaid,Government,Medicaid
unitedexchange,Commercial,United Health Care
unitedmgdmcare,Commercial,United Health Care
unitednonoptions,Commercial,United Health Care
unitedoptions,Commercial,United Health Care
UPMC MEDICARE HMO [45013101],Government,Medicare
UPMC MEDICARE PPO [45013102],Government,Medicare
US Dept of Labor NODE US Dept of Labor,Government,Other Government
us dept of labor node us dept of labor,Government,Other Government
US HEALTH GROUP [10030901],Commercial,US Health Groupd
USAA AUTO [75000601],Unknown,Unknown
USAA LIFE [10031001],Commercial,USAA
VA CCN ALTERNATE PLAN [10029001],Government,VA
va ccn fed,Government,VA
va choice healthnet va choice,Government,VA
VA COMMUNITY CARE NETWORK [10006814],Government,VA
VA NODE VA,Government,VA
va node va,Government,VA
VACCN,Government,VA
vaccn,Government,VA
valueoptions,Unknown,Unknown
VETERANS ADMINISTRATION(BILLING ONLY) [10006815],Government,VA
VITAS HEALTHCARE OF FLORIDA [50003101],Commercial,Vitas
VIVIDA HEALTH MEDICAID [35000701],Government,Medicaid
VOLUSIA HEALTH NETWORK [10026301],Commercial,Volusia
WARD AND GLOCK ENDOWMENT [50001907],Commercial,Ward and Glock
WC AIG [70006902],Government,Worker's Comp
WC ALL ELITE WRESTLING [70007501],Government,Worker's Comp
WC AMERISYS [70007001],Government,Worker's Comp
WC BAPTIST OCCUPATIONAL HEALTH [70006101],Government,Worker's Comp
WC BERKLEY SPECIALTY- JAGUARS [70006001],Government,Worker's Comp
WC BLUE CROSS [70006301],Government,Worker's Comp
WC CITY OF JACKSONVILLE [70006501],Government,Worker's Comp
WC CORVEL [70006701],Government,Worker's Comp
WC COVENTRY HEALTH CARE [70006801],Government,Worker's Comp
WC GALLAGHER & BASSET [70007101],Government,Worker's Comp
WC JACKSONVILLE JUMBO SHRIMP [70005401],Government,Worker's Comp
WC JACKSONVILLE SHARKS [70007401],Government,Worker's Comp
WC MULTIPLAN [70006601],Government,Worker's Comp
WC NE FL ST HOSP/FL DPT INSUR [70006201],Government,Worker's Comp
WC OCCUPATIONAL HLTH PHYS THER [70005601],Government,Worker's Comp
WC PRIME COMP [70006401],Government,Worker's Comp
WC SEDGWICK/PATIENT ACCOUNTING [70005501],Government,Worker's Comp
WC THE HARTFORD [70007601],Government,Worker's Comp
WC US DEPARTMENT OF LABOR [70002301],Government,Worker's Comp
WCH M&R HILL ENDOWMENT [50001904],Commercial,Other Commercial
WE CARE [50002001],Commercial,We Care
WEAVER LEGACY ENDOWMENT [50001902],Commercial,Weaver Legacy
WEB TPA [10031101],Commercial,Web TPS
wellcare,Unknown,Unknown
WELLCARE DUAL MEDICARE [45012902],Government,Medicare
wellcare kids medicaid fl,Government,Medicaid
Wellcare MCR ADV NODE Wellcare MCR ADV,Government,Medicare
wellcare mcr adv node wellcare mcr adv,Government,Medicare
Wellcare Medicaid FL,Government,Medicaid
wellcare medicaid fl,Government,Medicaid
wellcare medicare adv,Government,Medicare
WELLCARE MEDICARE ADVANTAGE PLAN,Government,Medicare
WELLCARE MEDICARE HMO [45012901],Government,Medicare
WESTERN & SOUTHERN LIFE [10038501],Commercial,Western & Souther Financial
whole_health,Commercial,Other Commercial
Work Comp FL Work Comp,Government,Worker's Comp
work comp fl work comp,Government,Worker's Comp
work comp rockport work comp,Government,Worker's Comp
Workers Comp,Government,Worker's Comp
workers comp aetna workers comp,Government,Worker's Comp
workers comp careworks workers comp,Government,Worker's Comp
workers comp fl work comp,Government,Worker's Comp
Workers Compensation FL Work Comp,Government,Worker's Comp
workers compensation fl work comp,Government,Worker's Comp
workers compensation fl workers compensation,Government,Worker's Comp
workers health plan nationalworkershealthplan,Government,Worker's Comp
WPS HEALTH INSURANCE [10034001],Commercial,WPS Health
WPS HEALTH PLAN [10034002],Commercial,WPS Health
#NAME?,Self Pay,Self Pay
#NAME?,Commercial,Blue Cross Blue Shield
#NAME?,Government,Medicare
#NAME?,Commercial,Blue Cross Blue Shield
#NAME?,Commercial,Blue Cross Blue Shield
#NAME?,Commercial,Blue Cross Blue Shield
#NAME?,Commercial,Blue Cross Blue Shield
#NAME?,Commercial,Blue Cross Blue Shield
#NAME?,Commercial,Blue Cross Blue Shield
#NAME?,Commercial,Blue Cross Blue Shield
#NAME?,Government,Medicare
#NAME?,Commercial,Blue Cross Blue Shield
#NAME?,Government,Worker's Comp
